[{"model": "admin.logentry", "pk": 1, "fields": {"action_time": "2025-07-26T06:18:26.897Z", "user": 1, "content_type": 7, "object_id": "1", "object_repr": "Виктор Тиховской", "action_flag": 2, "change_message": "[{\"changed\": {\"fields\": [\"\\u0424\\u043e\\u0442\\u043e \\u043a\\u043b\\u0438\\u0435\\u043d\\u0442\\u0430\"]}}]"}}, {"model": "admin.logentry", "pk": 2, "fields": {"action_time": "2025-07-26T09:33:25.745Z", "user": 1, "content_type": 9, "object_id": "1", "object_repr": "Склад ленина", "action_flag": 1, "change_message": "[{\"added\": {}}]"}}, {"model": "admin.logentry", "pk": 3, "fields": {"action_time": "2025-07-26T09:33:46.165Z", "user": 1, "content_type": 9, "object_id": "2", "object_repr": "Склад Сталино", "action_flag": 1, "change_message": "[{\"added\": {}}]"}}, {"model": "admin.logentry", "pk": 4, "fields": {"action_time": "2025-07-26T09:35:51.298Z", "user": 1, "content_type": 10, "object_id": "505", "object_repr": "№ бокса 505", "action_flag": 2, "change_message": "[{\"changed\": {\"fields\": [\"\\u0410\\u0440\\u0435\\u043d\\u0434\\u0430\\u0442\\u043e\\u0440\", \"\\u041e\\u043f\\u043b\\u0430\\u0447\\u0435\\u043d \\u0434\\u043e\"]}}]"}}, {"model": "admin.logentry", "pk": 5, "fields": {"action_time": "2025-07-26T09:49:33.859Z", "user": 1, "content_type": 10, "object_id": "505", "object_repr": "№ бокса 505", "action_flag": 2, "change_message": "[{\"changed\": {\"fields\": [\"\\u0410\\u0440\\u0435\\u043d\\u0434\\u0430\\u0442\\u043e\\u0440\"]}}]"}}, {"model": "admin.logentry", "pk": 6, "fields": {"action_time": "2025-07-27T08:52:18.137Z", "user": 1, "content_type": 11, "object_id": "1", "object_repr": "leto (10%)", "action_flag": 1, "change_message": "[{\"added\": {}}]"}}, {"model": "admin.logentry", "pk": 7, "fields": {"action_time": "2025-07-27T08:52:24.449Z", "user": 1, "content_type": 11, "object_id": "1", "object_repr": "leto (10%)", "action_flag": 2, "change_message": "[]"}}, {"model": "auth.user", "pk": 1, "fields": {"password": "pbkdf2_sha256$1000000$2bzDgXCSPVVVSrW9acKaxJ$0EYpGEH0JEzunPjCrlcuV/53rTB6jJrZeYUuztLUE9w=", "last_login": "2025-07-27T08:57:24.435Z", "is_superuser": true, "username": "admin", "first_name": "", "last_name": "", "email": "", "is_staff": true, "is_active": true, "date_joined": "2025-07-26T05:39:00.521Z", "groups": [], "user_permissions": []}}, {"model": "auth.user", "pk": 2, "fields": {"password": "pbkdf2_sha256$1000000$XNMv1FtoHL8iRVqsclq9V5$Rk4TkZ4zX4CH+KgmjeCwWole5TNz595L5o/Ux9Zxqe4=", "last_login": "2025-07-27T09:06:05.375Z", "is_superuser": false, "username": "limbtsk@yandex.ru", "first_name": "Виктор", "last_name": "Тиховской", "email": "limbtsk@yandex.ru", "is_staff": false, "is_active": true, "date_joined": "2025-07-26T05:39:27.170Z", "groups": [], "user_permissions": []}}, {"model": "sessions.session", "pk": "28wi9nhwnpkicfdjzcrf7rlxgofx1ea9", "fields": {"session_data": ".eJxVjEEOwiAQRe_C2hAGBDou3XsGMsAgVUOT0q6Md7dNutDte-__twi0LjWsnecwZnERWpx-WaT05LaL_KB2n2Sa2jKPUe6JPGyXtynz63q0fweVet3WqDyALcbZRBAh5mh0GhwjD5SgoGYEdcboSsENgypGsQciRDbeFvH5At4uN-E:1uff0I:yXlVIvksqvWV8LM9nSA1sWiZX1rNKvxS2fydztYZtUQ", "expire_date": "2025-08-09T13:31:58.459Z"}}, {"model": "orders.client", "pk": 1, "fields": {"user": 2, "first_name": "Виктор", "last_name": "Тиховской", "image": "", "email": "limbtsk@yandex.ru", "phone": "+79994953955", "registered_at": "2025-07-26"}}, {"model": "storage_units.warehouse", "pk": 1, "fields": {"name": "ленина", "address": "ленина 1", "image": "", "temperature": "-49.0", "ceilings": "65.0", "advantage": "metro", "is_default_nearest": false}}, {"model": "storage_units.warehouse", "pk": 2, "fields": {"name": "Сталино", "address": "Сталино 2", "image": "", "temperature": "66.0", "ceilings": "34.0", "advantage": "box", "is_default_nearest": false}}, {"model": "storage_units.box", "pk": 1, "fields": {"warehouse": 1, "floor": 3, "length": 2, "width": 2, "height": "2.5", "square": 4, "price": "2561.00", "is_free": false, "tenant": 1, "paid_for": "2025-08-10"}}, {"model": "storage_units.box", "pk": 2, "fields": {"warehouse": 1, "floor": 2, "length": 5, "width": 2, "height": "2.1", "square": 10, "price": "7890.00", "is_free": true, "tenant": null, "paid_for": null}}, {"model": "storage_units.box", "pk": 3, "fields": {"warehouse": 1, "floor": 3, "length": 5, "width": 3, "height": "3.0", "square": 15, "price": "6789.00", "is_free": true, "tenant": null, "paid_for": null}}, {"model": "storage_units.box", "pk": 4, "fields": {"warehouse": 1, "floor": 1, "length": 4, "width": 4, "height": "2.1", "square": 16, "price": "3456.00", "is_free": true, "tenant": null, "paid_for": null}}, {"model": "storage_units.box", "pk": 5, "fields": {"warehouse": 1, "floor": 2, "length": 2, "width": 1, "height": "2.5", "square": 2, "price": "2264.00", "is_free": true, "tenant": null, "paid_for": null}}, {"model": "storage_units.box", "pk": 6, "fields": {"warehouse": 1, "floor": 3, "length": 2, "width": 2, "height": "2.5", "square": 4, "price": "2561.00", "is_free": true, "tenant": null, "paid_for": null}}, {"model": "storage_units.box", "pk": 7, "fields": {"warehouse": 1, "floor": 2, "length": 5, "width": 4, "height": "2.2", "square": 20, "price": "8901.00", "is_free": true, "tenant": null, "paid_for": null}}, {"model": "storage_units.box", "pk": 8, "fields": {"warehouse": 1, "floor": 3, "length": 5, "width": 2, "height": "2.1", "square": 10, "price": "2345.00", "is_free": true, "tenant": null, "paid_for": null}}, {"model": "storage_units.box", "pk": 9, "fields": {"warehouse": 1, "floor": 3, "length": 2, "width": 2, "height": "2.5", "square": 4, "price": "2561.00", "is_free": true, "tenant": null, "paid_for": null}}, {"model": "storage_units.box", "pk": 10, "fields": {"warehouse": 1, "floor": 1, "length": 2, "width": 4, "height": "2.5", "square": 8, "price": "1234.00", "is_free": true, "tenant": null, "paid_for": null}}, {"model": "storage_units.box", "pk": 11, "fields": {"warehouse": 1, "floor": 3, "length": 5, "width": 2, "height": "2.1", "square": 10, "price": "2345.00", "is_free": true, "tenant": null, "paid_for": null}}, {"model": "storage_units.box", "pk": 12, "fields": {"warehouse": 1, "floor": 2, "length": 5, "width": 2, "height": "2.1", "square": 10, "price": "7890.00", "is_free": true, "tenant": null, "paid_for": null}}, {"model": "storage_units.box", "pk": 13, "fields": {"warehouse": 1, "floor": 2, "length": 2, "width": 4, "height": "2.5", "square": 8, "price": "1234.00", "is_free": true, "tenant": null, "paid_for": null}}, {"model": "storage_units.box", "pk": 14, "fields": {"warehouse": 1, "floor": 1, "length": 5, "width": 3, "height": "3.0", "square": 15, "price": "6789.00", "is_free": true, "tenant": null, "paid_for": null}}, {"model": "storage_units.box", "pk": 15, "fields": {"warehouse": 1, "floor": 2, "length": 5, "width": 2, "height": "2.1", "square": 10, "price": "4567.00", "is_free": true, "tenant": null, "paid_for": null}}, {"model": "storage_units.box", "pk": 16, "fields": {"warehouse": 1, "floor": 2, "length": 5, "width": 2, "height": "2.1", "square": 10, "price": "7890.00", "is_free": true, "tenant": null, "paid_for": null}}, {"model": "storage_units.box", "pk": 17, "fields": {"warehouse": 1, "floor": 3, "length": 5, "width": 2, "height": "2.1", "square": 10, "price": "7890.00", "is_free": true, "tenant": null, "paid_for": null}}, {"model": "storage_units.box", "pk": 18, "fields": {"warehouse": 1, "floor": 1, "length": 5, "width": 2, "height": "2.1", "square": 10, "price": "7890.00", "is_free": true, "tenant": null, "paid_for": null}}, {"model": "storage_units.box", "pk": 19, "fields": {"warehouse": 1, "floor": 2, "length": 5, "width": 2, "height": "2.2", "square": 10, "price": "5678.00", "is_free": true, "tenant": null, "paid_for": null}}, {"model": "storage_units.box", "pk": 20, "fields": {"warehouse": 1, "floor": 3, "length": 5, "width": 2, "height": "2.1", "square": 10, "price": "4567.00", "is_free": true, "tenant": null, "paid_for": null}}, {"model": "storage_units.box", "pk": 21, "fields": {"warehouse": 1, "floor": 2, "length": 5, "width": 3, "height": "3.0", "square": 15, "price": "6789.00", "is_free": true, "tenant": null, "paid_for": null}}, {"model": "storage_units.box", "pk": 22, "fields": {"warehouse": 1, "floor": 2, "length": 4, "width": 4, "height": "2.1", "square": 16, "price": "3456.00", "is_free": true, "tenant": null, "paid_for": null}}, {"model": "storage_units.box", "pk": 23, "fields": {"warehouse": 1, "floor": 2, "length": 5, "width": 2, "height": "2.1", "square": 10, "price": "7890.00", "is_free": true, "tenant": null, "paid_for": null}}, {"model": "storage_units.box", "pk": 24, "fields": {"warehouse": 1, "floor": 1, "length": 5, "width": 4, "height": "2.2", "square": 20, "price": "8901.00", "is_free": true, "tenant": null, "paid_for": null}}, {"model": "storage_units.box", "pk": 25, "fields": {"warehouse": 1, "floor": 3, "length": 5, "width": 4, "height": "2.2", "square": 20, "price": "8901.00", "is_free": true, "tenant": null, "paid_for": null}}, {"model": "storage_units.box", "pk": 26, "fields": {"warehouse": 1, "floor": 2, "length": 2, "width": 4, "height": "2.5", "square": 8, "price": "1234.00", "is_free": true, "tenant": null, "paid_for": null}}, {"model": "storage_units.box", "pk": 27, "fields": {"warehouse": 1, "floor": 1, "length": 5, "width": 2, "height": "2.1", "square": 10, "price": "4567.00", "is_free": true, "tenant": null, "paid_for": null}}, {"model": "storage_units.box", "pk": 28, "fields": {"warehouse": 1, "floor": 2, "length": 5, "width": 4, "height": "2.2", "square": 20, "price": "8901.00", "is_free": true, "tenant": null, "paid_for": null}}, {"model": "storage_units.box", "pk": 29, "fields": {"warehouse": 1, "floor": 3, "length": 4, "width": 4, "height": "2.1", "square": 16, "price": "3456.00", "is_free": true, "tenant": null, "paid_for": null}}, {"model": "storage_units.box", "pk": 30, "fields": {"warehouse": 1, "floor": 1, "length": 2, "width": 2, "height": "2.5", "square": 4, "price": "2561.00", "is_free": true, "tenant": null, "paid_for": null}}, {"model": "storage_units.box", "pk": 31, "fields": {"warehouse": 1, "floor": 2, "length": 2, "width": 2, "height": "2.5", "square": 4, "price": "2561.00", "is_free": true, "tenant": null, "paid_for": null}}, {"model": "storage_units.box", "pk": 32, "fields": {"warehouse": 1, "floor": 1, "length": 2, "width": 4, "height": "2.5", "square": 8, "price": "1234.00", "is_free": true, "tenant": null, "paid_for": null}}, {"model": "storage_units.box", "pk": 33, "fields": {"warehouse": 1, "floor": 2, "length": 5, "width": 2, "height": "2.1", "square": 10, "price": "2345.00", "is_free": true, "tenant": null, "paid_for": null}}, {"model": "storage_units.box", "pk": 34, "fields": {"warehouse": 1, "floor": 1, "length": 5, "width": 3, "height": "3.0", "square": 15, "price": "6789.00", "is_free": true, "tenant": null, "paid_for": null}}, {"model": "storage_units.box", "pk": 35, "fields": {"warehouse": 1, "floor": 2, "length": 5, "width": 4, "height": "2.2", "square": 20, "price": "8901.00", "is_free": true, "tenant": null, "paid_for": null}}, {"model": "storage_units.box", "pk": 36, "fields": {"warehouse": 1, "floor": 2, "length": 2, "width": 2, "height": "2.5", "square": 4, "price": "2561.00", "is_free": true, "tenant": null, "paid_for": null}}, {"model": "storage_units.box", "pk": 37, "fields": {"warehouse": 1, "floor": 3, "length": 5, "width": 2, "height": "2.1", "square": 10, "price": "7890.00", "is_free": true, "tenant": null, "paid_for": null}}, {"model": "storage_units.box", "pk": 38, "fields": {"warehouse": 1, "floor": 2, "length": 5, "width": 2, "height": "2.1", "square": 10, "price": "7890.00", "is_free": true, "tenant": null, "paid_for": null}}, {"model": "storage_units.box", "pk": 39, "fields": {"warehouse": 1, "floor": 1, "length": 4, "width": 4, "height": "2.1", "square": 16, "price": "3456.00", "is_free": true, "tenant": null, "paid_for": null}}, {"model": "storage_units.box", "pk": 40, "fields": {"warehouse": 1, "floor": 3, "length": 4, "width": 4, "height": "2.1", "square": 16, "price": "3456.00", "is_free": true, "tenant": null, "paid_for": null}}, {"model": "storage_units.box", "pk": 41, "fields": {"warehouse": 1, "floor": 3, "length": 5, "width": 4, "height": "2.2", "square": 20, "price": "8901.00", "is_free": true, "tenant": null, "paid_for": null}}, {"model": "storage_units.box", "pk": 42, "fields": {"warehouse": 1, "floor": 2, "length": 2, "width": 2, "height": "2.5", "square": 4, "price": "2561.00", "is_free": true, "tenant": null, "paid_for": null}}, {"model": "storage_units.box", "pk": 43, "fields": {"warehouse": 1, "floor": 1, "length": 2, "width": 2, "height": "2.5", "square": 4, "price": "2561.00", "is_free": true, "tenant": null, "paid_for": null}}, {"model": "storage_units.box", "pk": 44, "fields": {"warehouse": 1, "floor": 1, "length": 2, "width": 1, "height": "2.5", "square": 2, "price": "2264.00", "is_free": true, "tenant": null, "paid_for": null}}, {"model": "storage_units.box", "pk": 45, "fields": {"warehouse": 1, "floor": 1, "length": 5, "width": 4, "height": "2.2", "square": 20, "price": "8901.00", "is_free": true, "tenant": null, "paid_for": null}}, {"model": "storage_units.box", "pk": 46, "fields": {"warehouse": 1, "floor": 3, "length": 5, "width": 2, "height": "2.2", "square": 10, "price": "5678.00", "is_free": true, "tenant": null, "paid_for": null}}, {"model": "storage_units.box", "pk": 47, "fields": {"warehouse": 1, "floor": 2, "length": 2, "width": 2, "height": "2.5", "square": 4, "price": "2561.00", "is_free": true, "tenant": null, "paid_for": null}}, {"model": "storage_units.box", "pk": 48, "fields": {"warehouse": 1, "floor": 1, "length": 2, "width": 1, "height": "2.5", "square": 2, "price": "2264.00", "is_free": true, "tenant": null, "paid_for": null}}, {"model": "storage_units.box", "pk": 49, "fields": {"warehouse": 1, "floor": 1, "length": 5, "width": 4, "height": "2.2", "square": 20, "price": "8901.00", "is_free": true, "tenant": null, "paid_for": null}}, {"model": "storage_units.box", "pk": 50, "fields": {"warehouse": 1, "floor": 2, "length": 5, "width": 2, "height": "2.2", "square": 10, "price": "5678.00", "is_free": true, "tenant": null, "paid_for": null}}, {"model": "storage_units.box", "pk": 51, "fields": {"warehouse": 1, "floor": 2, "length": 2, "width": 1, "height": "2.5", "square": 2, "price": "2264.00", "is_free": true, "tenant": null, "paid_for": null}}, {"model": "storage_units.box", "pk": 52, "fields": {"warehouse": 1, "floor": 2, "length": 5, "width": 2, "height": "2.2", "square": 10, "price": "5678.00", "is_free": true, "tenant": null, "paid_for": null}}, {"model": "storage_units.box", "pk": 53, "fields": {"warehouse": 1, "floor": 2, "length": 5, "width": 2, "height": "2.1", "square": 10, "price": "2345.00", "is_free": true, "tenant": null, "paid_for": null}}, {"model": "storage_units.box", "pk": 54, "fields": {"warehouse": 1, "floor": 3, "length": 5, "width": 2, "height": "2.1", "square": 10, "price": "2345.00", "is_free": true, "tenant": null, "paid_for": null}}, {"model": "storage_units.box", "pk": 55, "fields": {"warehouse": 1, "floor": 3, "length": 5, "width": 2, "height": "2.2", "square": 10, "price": "5678.00", "is_free": true, "tenant": null, "paid_for": null}}, {"model": "storage_units.box", "pk": 56, "fields": {"warehouse": 1, "floor": 3, "length": 5, "width": 2, "height": "2.2", "square": 10, "price": "5678.00", "is_free": true, "tenant": null, "paid_for": null}}, {"model": "storage_units.box", "pk": 57, "fields": {"warehouse": 1, "floor": 1, "length": 2, "width": 4, "height": "2.5", "square": 8, "price": "1234.00", "is_free": true, "tenant": null, "paid_for": null}}, {"model": "storage_units.box", "pk": 58, "fields": {"warehouse": 1, "floor": 1, "length": 5, "width": 4, "height": "2.2", "square": 20, "price": "8901.00", "is_free": true, "tenant": null, "paid_for": null}}, {"model": "storage_units.box", "pk": 59, "fields": {"warehouse": 1, "floor": 3, "length": 5, "width": 4, "height": "2.2", "square": 20, "price": "8901.00", "is_free": true, "tenant": null, "paid_for": null}}, {"model": "storage_units.box", "pk": 60, "fields": {"warehouse": 1, "floor": 1, "length": 2, "width": 4, "height": "2.5", "square": 8, "price": "1234.00", "is_free": true, "tenant": null, "paid_for": null}}, {"model": "storage_units.box", "pk": 61, "fields": {"warehouse": 1, "floor": 3, "length": 5, "width": 2, "height": "2.1", "square": 10, "price": "4567.00", "is_free": true, "tenant": null, "paid_for": null}}, {"model": "storage_units.box", "pk": 62, "fields": {"warehouse": 1, "floor": 1, "length": 5, "width": 2, "height": "2.1", "square": 10, "price": "4567.00", "is_free": true, "tenant": null, "paid_for": null}}, {"model": "storage_units.box", "pk": 63, "fields": {"warehouse": 1, "floor": 2, "length": 2, "width": 2, "height": "2.5", "square": 4, "price": "2561.00", "is_free": true, "tenant": null, "paid_for": null}}, {"model": "storage_units.box", "pk": 64, "fields": {"warehouse": 1, "floor": 1, "length": 5, "width": 2, "height": "2.1", "square": 10, "price": "4567.00", "is_free": true, "tenant": null, "paid_for": null}}, {"model": "storage_units.box", "pk": 65, "fields": {"warehouse": 1, "floor": 3, "length": 5, "width": 3, "height": "3.0", "square": 15, "price": "6789.00", "is_free": true, "tenant": null, "paid_for": null}}, {"model": "storage_units.box", "pk": 66, "fields": {"warehouse": 1, "floor": 3, "length": 2, "width": 4, "height": "2.5", "square": 8, "price": "1234.00", "is_free": true, "tenant": null, "paid_for": null}}, {"model": "storage_units.box", "pk": 67, "fields": {"warehouse": 1, "floor": 3, "length": 5, "width": 2, "height": "2.2", "square": 10, "price": "5678.00", "is_free": true, "tenant": null, "paid_for": null}}, {"model": "storage_units.box", "pk": 68, "fields": {"warehouse": 1, "floor": 3, "length": 5, "width": 2, "height": "2.1", "square": 10, "price": "4567.00", "is_free": true, "tenant": null, "paid_for": null}}, {"model": "storage_units.box", "pk": 69, "fields": {"warehouse": 1, "floor": 3, "length": 5, "width": 2, "height": "2.2", "square": 10, "price": "5678.00", "is_free": true, "tenant": null, "paid_for": null}}, {"model": "storage_units.box", "pk": 70, "fields": {"warehouse": 1, "floor": 3, "length": 5, "width": 2, "height": "2.1", "square": 10, "price": "7890.00", "is_free": true, "tenant": null, "paid_for": null}}, {"model": "storage_units.box", "pk": 71, "fields": {"warehouse": 1, "floor": 1, "length": 4, "width": 4, "height": "2.1", "square": 16, "price": "3456.00", "is_free": true, "tenant": null, "paid_for": null}}, {"model": "storage_units.box", "pk": 72, "fields": {"warehouse": 1, "floor": 3, "length": 5, "width": 4, "height": "2.2", "square": 20, "price": "8901.00", "is_free": true, "tenant": null, "paid_for": null}}, {"model": "storage_units.box", "pk": 73, "fields": {"warehouse": 1, "floor": 1, "length": 5, "width": 3, "height": "3.0", "square": 15, "price": "6789.00", "is_free": true, "tenant": null, "paid_for": null}}, {"model": "storage_units.box", "pk": 74, "fields": {"warehouse": 1, "floor": 1, "length": 2, "width": 2, "height": "2.5", "square": 4, "price": "2561.00", "is_free": true, "tenant": null, "paid_for": null}}, {"model": "storage_units.box", "pk": 75, "fields": {"warehouse": 1, "floor": 1, "length": 5, "width": 2, "height": "2.2", "square": 10, "price": "5678.00", "is_free": true, "tenant": null, "paid_for": null}}, {"model": "storage_units.box", "pk": 76, "fields": {"warehouse": 1, "floor": 2, "length": 5, "width": 3, "height": "3.0", "square": 15, "price": "6789.00", "is_free": true, "tenant": null, "paid_for": null}}, {"model": "storage_units.box", "pk": 77, "fields": {"warehouse": 1, "floor": 1, "length": 2, "width": 1, "height": "2.5", "square": 2, "price": "2264.00", "is_free": true, "tenant": null, "paid_for": null}}, {"model": "storage_units.box", "pk": 78, "fields": {"warehouse": 1, "floor": 2, "length": 5, "width": 2, "height": "2.2", "square": 10, "price": "5678.00", "is_free": true, "tenant": null, "paid_for": null}}, {"model": "storage_units.box", "pk": 79, "fields": {"warehouse": 1, "floor": 1, "length": 5, "width": 3, "height": "3.0", "square": 15, "price": "6789.00", "is_free": true, "tenant": null, "paid_for": null}}, {"model": "storage_units.box", "pk": 80, "fields": {"warehouse": 1, "floor": 2, "length": 5, "width": 2, "height": "2.1", "square": 10, "price": "7890.00", "is_free": true, "tenant": null, "paid_for": null}}, {"model": "storage_units.box", "pk": 81, "fields": {"warehouse": 1, "floor": 2, "length": 5, "width": 3, "height": "3.0", "square": 15, "price": "6789.00", "is_free": true, "tenant": null, "paid_for": null}}, {"model": "storage_units.box", "pk": 82, "fields": {"warehouse": 1, "floor": 1, "length": 4, "width": 4, "height": "2.1", "square": 16, "price": "3456.00", "is_free": true, "tenant": null, "paid_for": null}}, {"model": "storage_units.box", "pk": 83, "fields": {"warehouse": 1, "floor": 3, "length": 5, "width": 3, "height": "3.0", "square": 15, "price": "6789.00", "is_free": true, "tenant": null, "paid_for": null}}, {"model": "storage_units.box", "pk": 84, "fields": {"warehouse": 1, "floor": 3, "length": 2, "width": 1, "height": "2.5", "square": 2, "price": "2264.00", "is_free": true, "tenant": null, "paid_for": null}}, {"model": "storage_units.box", "pk": 85, "fields": {"warehouse": 1, "floor": 1, "length": 5, "width": 4, "height": "2.2", "square": 20, "price": "8901.00", "is_free": true, "tenant": null, "paid_for": null}}, {"model": "storage_units.box", "pk": 86, "fields": {"warehouse": 1, "floor": 3, "length": 2, "width": 4, "height": "2.5", "square": 8, "price": "1234.00", "is_free": true, "tenant": null, "paid_for": null}}, {"model": "storage_units.box", "pk": 87, "fields": {"warehouse": 1, "floor": 3, "length": 5, "width": 4, "height": "2.2", "square": 20, "price": "8901.00", "is_free": true, "tenant": null, "paid_for": null}}, {"model": "storage_units.box", "pk": 88, "fields": {"warehouse": 1, "floor": 2, "length": 4, "width": 4, "height": "2.1", "square": 16, "price": "3456.00", "is_free": true, "tenant": null, "paid_for": null}}, {"model": "storage_units.box", "pk": 89, "fields": {"warehouse": 1, "floor": 2, "length": 2, "width": 4, "height": "2.5", "square": 8, "price": "1234.00", "is_free": true, "tenant": null, "paid_for": null}}, {"model": "storage_units.box", "pk": 90, "fields": {"warehouse": 1, "floor": 1, "length": 4, "width": 4, "height": "2.1", "square": 16, "price": "3456.00", "is_free": true, "tenant": null, "paid_for": null}}, {"model": "storage_units.box", "pk": 91, "fields": {"warehouse": 1, "floor": 1, "length": 5, "width": 2, "height": "2.1", "square": 10, "price": "7890.00", "is_free": true, "tenant": null, "paid_for": null}}, {"model": "storage_units.box", "pk": 92, "fields": {"warehouse": 1, "floor": 3, "length": 4, "width": 4, "height": "2.1", "square": 16, "price": "3456.00", "is_free": true, "tenant": null, "paid_for": null}}, {"model": "storage_units.box", "pk": 93, "fields": {"warehouse": 1, "floor": 3, "length": 2, "width": 4, "height": "2.5", "square": 8, "price": "1234.00", "is_free": true, "tenant": null, "paid_for": null}}, {"model": "storage_units.box", "pk": 94, "fields": {"warehouse": 1, "floor": 1, "length": 4, "width": 4, "height": "2.1", "square": 16, "price": "3456.00", "is_free": true, "tenant": null, "paid_for": null}}, {"model": "storage_units.box", "pk": 95, "fields": {"warehouse": 1, "floor": 2, "length": 5, "width": 4, "height": "2.2", "square": 20, "price": "8901.00", "is_free": true, "tenant": null, "paid_for": null}}, {"model": "storage_units.box", "pk": 96, "fields": {"warehouse": 1, "floor": 3, "length": 5, "width": 2, "height": "2.1", "square": 10, "price": "7890.00", "is_free": true, "tenant": null, "paid_for": null}}, {"model": "storage_units.box", "pk": 97, "fields": {"warehouse": 1, "floor": 3, "length": 2, "width": 4, "height": "2.5", "square": 8, "price": "1234.00", "is_free": true, "tenant": null, "paid_for": null}}, {"model": "storage_units.box", "pk": 98, "fields": {"warehouse": 1, "floor": 1, "length": 5, "width": 2, "height": "2.2", "square": 10, "price": "5678.00", "is_free": true, "tenant": null, "paid_for": null}}, {"model": "storage_units.box", "pk": 99, "fields": {"warehouse": 1, "floor": 3, "length": 4, "width": 4, "height": "2.1", "square": 16, "price": "3456.00", "is_free": true, "tenant": null, "paid_for": null}}, {"model": "storage_units.box", "pk": 100, "fields": {"warehouse": 1, "floor": 3, "length": 2, "width": 1, "height": "2.5", "square": 2, "price": "2264.00", "is_free": true, "tenant": null, "paid_for": null}}, {"model": "storage_units.box", "pk": 101, "fields": {"warehouse": 1, "floor": 1, "length": 2, "width": 2, "height": "2.5", "square": 4, "price": "2561.00", "is_free": true, "tenant": null, "paid_for": null}}, {"model": "storage_units.box", "pk": 102, "fields": {"warehouse": 1, "floor": 1, "length": 2, "width": 1, "height": "2.5", "square": 2, "price": "2264.00", "is_free": true, "tenant": null, "paid_for": null}}, {"model": "storage_units.box", "pk": 103, "fields": {"warehouse": 1, "floor": 3, "length": 5, "width": 2, "height": "2.2", "square": 10, "price": "5678.00", "is_free": true, "tenant": null, "paid_for": null}}, {"model": "storage_units.box", "pk": 104, "fields": {"warehouse": 1, "floor": 3, "length": 2, "width": 2, "height": "2.5", "square": 4, "price": "2561.00", "is_free": true, "tenant": null, "paid_for": null}}, {"model": "storage_units.box", "pk": 105, "fields": {"warehouse": 1, "floor": 3, "length": 5, "width": 2, "height": "2.1", "square": 10, "price": "2345.00", "is_free": true, "tenant": null, "paid_for": null}}, {"model": "storage_units.box", "pk": 106, "fields": {"warehouse": 1, "floor": 3, "length": 5, "width": 2, "height": "2.1", "square": 10, "price": "2345.00", "is_free": true, "tenant": null, "paid_for": null}}, {"model": "storage_units.box", "pk": 107, "fields": {"warehouse": 1, "floor": 2, "length": 2, "width": 2, "height": "2.5", "square": 4, "price": "2561.00", "is_free": true, "tenant": null, "paid_for": null}}, {"model": "storage_units.box", "pk": 108, "fields": {"warehouse": 1, "floor": 1, "length": 5, "width": 2, "height": "2.2", "square": 10, "price": "5678.00", "is_free": true, "tenant": null, "paid_for": null}}, {"model": "storage_units.box", "pk": 109, "fields": {"warehouse": 1, "floor": 2, "length": 2, "width": 2, "height": "2.5", "square": 4, "price": "2561.00", "is_free": true, "tenant": null, "paid_for": null}}, {"model": "storage_units.box", "pk": 110, "fields": {"warehouse": 1, "floor": 2, "length": 5, "width": 3, "height": "3.0", "square": 15, "price": "6789.00", "is_free": true, "tenant": null, "paid_for": null}}, {"model": "storage_units.box", "pk": 111, "fields": {"warehouse": 1, "floor": 3, "length": 5, "width": 4, "height": "2.2", "square": 20, "price": "8901.00", "is_free": true, "tenant": null, "paid_for": null}}, {"model": "storage_units.box", "pk": 112, "fields": {"warehouse": 1, "floor": 3, "length": 5, "width": 2, "height": "2.1", "square": 10, "price": "2345.00", "is_free": true, "tenant": null, "paid_for": null}}, {"model": "storage_units.box", "pk": 113, "fields": {"warehouse": 1, "floor": 2, "length": 5, "width": 2, "height": "2.1", "square": 10, "price": "7890.00", "is_free": true, "tenant": null, "paid_for": null}}, {"model": "storage_units.box", "pk": 114, "fields": {"warehouse": 1, "floor": 1, "length": 5, "width": 2, "height": "2.1", "square": 10, "price": "2345.00", "is_free": true, "tenant": null, "paid_for": null}}, {"model": "storage_units.box", "pk": 115, "fields": {"warehouse": 1, "floor": 3, "length": 5, "width": 2, "height": "2.1", "square": 10, "price": "2345.00", "is_free": true, "tenant": null, "paid_for": null}}, {"model": "storage_units.box", "pk": 116, "fields": {"warehouse": 1, "floor": 3, "length": 5, "width": 2, "height": "2.1", "square": 10, "price": "7890.00", "is_free": true, "tenant": null, "paid_for": null}}, {"model": "storage_units.box", "pk": 117, "fields": {"warehouse": 1, "floor": 1, "length": 4, "width": 4, "height": "2.1", "square": 16, "price": "3456.00", "is_free": true, "tenant": null, "paid_for": null}}, {"model": "storage_units.box", "pk": 118, "fields": {"warehouse": 1, "floor": 3, "length": 5, "width": 2, "height": "2.1", "square": 10, "price": "4567.00", "is_free": true, "tenant": null, "paid_for": null}}, {"model": "storage_units.box", "pk": 119, "fields": {"warehouse": 1, "floor": 2, "length": 4, "width": 4, "height": "2.1", "square": 16, "price": "3456.00", "is_free": true, "tenant": null, "paid_for": null}}, {"model": "storage_units.box", "pk": 120, "fields": {"warehouse": 1, "floor": 1, "length": 5, "width": 2, "height": "2.1", "square": 10, "price": "7890.00", "is_free": true, "tenant": null, "paid_for": null}}, {"model": "storage_units.box", "pk": 121, "fields": {"warehouse": 1, "floor": 1, "length": 5, "width": 2, "height": "2.2", "square": 10, "price": "5678.00", "is_free": true, "tenant": null, "paid_for": null}}, {"model": "storage_units.box", "pk": 122, "fields": {"warehouse": 1, "floor": 3, "length": 5, "width": 3, "height": "3.0", "square": 15, "price": "6789.00", "is_free": true, "tenant": null, "paid_for": null}}, {"model": "storage_units.box", "pk": 123, "fields": {"warehouse": 1, "floor": 2, "length": 5, "width": 2, "height": "2.1", "square": 10, "price": "7890.00", "is_free": true, "tenant": null, "paid_for": null}}, {"model": "storage_units.box", "pk": 124, "fields": {"warehouse": 1, "floor": 3, "length": 5, "width": 2, "height": "2.1", "square": 10, "price": "7890.00", "is_free": true, "tenant": null, "paid_for": null}}, {"model": "storage_units.box", "pk": 125, "fields": {"warehouse": 1, "floor": 1, "length": 4, "width": 4, "height": "2.1", "square": 16, "price": "3456.00", "is_free": true, "tenant": null, "paid_for": null}}, {"model": "storage_units.box", "pk": 126, "fields": {"warehouse": 1, "floor": 2, "length": 4, "width": 4, "height": "2.1", "square": 16, "price": "3456.00", "is_free": true, "tenant": null, "paid_for": null}}, {"model": "storage_units.box", "pk": 127, "fields": {"warehouse": 1, "floor": 2, "length": 5, "width": 4, "height": "2.2", "square": 20, "price": "8901.00", "is_free": true, "tenant": null, "paid_for": null}}, {"model": "storage_units.box", "pk": 128, "fields": {"warehouse": 1, "floor": 3, "length": 5, "width": 3, "height": "3.0", "square": 15, "price": "6789.00", "is_free": true, "tenant": null, "paid_for": null}}, {"model": "storage_units.box", "pk": 129, "fields": {"warehouse": 1, "floor": 2, "length": 4, "width": 4, "height": "2.1", "square": 16, "price": "3456.00", "is_free": true, "tenant": null, "paid_for": null}}, {"model": "storage_units.box", "pk": 130, "fields": {"warehouse": 1, "floor": 2, "length": 2, "width": 2, "height": "2.5", "square": 4, "price": "2561.00", "is_free": true, "tenant": null, "paid_for": null}}, {"model": "storage_units.box", "pk": 131, "fields": {"warehouse": 1, "floor": 3, "length": 5, "width": 3, "height": "3.0", "square": 15, "price": "6789.00", "is_free": true, "tenant": null, "paid_for": null}}, {"model": "storage_units.box", "pk": 132, "fields": {"warehouse": 1, "floor": 2, "length": 5, "width": 2, "height": "2.1", "square": 10, "price": "4567.00", "is_free": true, "tenant": null, "paid_for": null}}, {"model": "storage_units.box", "pk": 133, "fields": {"warehouse": 1, "floor": 1, "length": 5, "width": 2, "height": "2.1", "square": 10, "price": "2345.00", "is_free": true, "tenant": null, "paid_for": null}}, {"model": "storage_units.box", "pk": 134, "fields": {"warehouse": 1, "floor": 3, "length": 5, "width": 2, "height": "2.1", "square": 10, "price": "4567.00", "is_free": true, "tenant": null, "paid_for": null}}, {"model": "storage_units.box", "pk": 135, "fields": {"warehouse": 1, "floor": 3, "length": 5, "width": 2, "height": "2.1", "square": 10, "price": "7890.00", "is_free": true, "tenant": null, "paid_for": null}}, {"model": "storage_units.box", "pk": 136, "fields": {"warehouse": 1, "floor": 2, "length": 5, "width": 3, "height": "3.0", "square": 15, "price": "6789.00", "is_free": true, "tenant": null, "paid_for": null}}, {"model": "storage_units.box", "pk": 137, "fields": {"warehouse": 1, "floor": 2, "length": 5, "width": 2, "height": "2.1", "square": 10, "price": "7890.00", "is_free": true, "tenant": null, "paid_for": null}}, {"model": "storage_units.box", "pk": 138, "fields": {"warehouse": 1, "floor": 2, "length": 5, "width": 4, "height": "2.2", "square": 20, "price": "8901.00", "is_free": true, "tenant": null, "paid_for": null}}, {"model": "storage_units.box", "pk": 139, "fields": {"warehouse": 1, "floor": 3, "length": 5, "width": 2, "height": "2.1", "square": 10, "price": "2345.00", "is_free": true, "tenant": null, "paid_for": null}}, {"model": "storage_units.box", "pk": 140, "fields": {"warehouse": 1, "floor": 1, "length": 2, "width": 1, "height": "2.5", "square": 2, "price": "2264.00", "is_free": true, "tenant": null, "paid_for": null}}, {"model": "storage_units.box", "pk": 141, "fields": {"warehouse": 1, "floor": 1, "length": 5, "width": 2, "height": "2.2", "square": 10, "price": "5678.00", "is_free": true, "tenant": null, "paid_for": null}}, {"model": "storage_units.box", "pk": 142, "fields": {"warehouse": 1, "floor": 1, "length": 5, "width": 2, "height": "2.1", "square": 10, "price": "7890.00", "is_free": true, "tenant": null, "paid_for": null}}, {"model": "storage_units.box", "pk": 143, "fields": {"warehouse": 1, "floor": 1, "length": 2, "width": 4, "height": "2.5", "square": 8, "price": "1234.00", "is_free": true, "tenant": null, "paid_for": null}}, {"model": "storage_units.box", "pk": 144, "fields": {"warehouse": 1, "floor": 3, "length": 4, "width": 4, "height": "2.1", "square": 16, "price": "3456.00", "is_free": true, "tenant": null, "paid_for": null}}, {"model": "storage_units.box", "pk": 145, "fields": {"warehouse": 1, "floor": 2, "length": 2, "width": 1, "height": "2.5", "square": 2, "price": "2264.00", "is_free": true, "tenant": null, "paid_for": null}}, {"model": "storage_units.box", "pk": 146, "fields": {"warehouse": 1, "floor": 2, "length": 2, "width": 4, "height": "2.5", "square": 8, "price": "1234.00", "is_free": true, "tenant": null, "paid_for": null}}, {"model": "storage_units.box", "pk": 147, "fields": {"warehouse": 1, "floor": 2, "length": 2, "width": 1, "height": "2.5", "square": 2, "price": "2264.00", "is_free": true, "tenant": null, "paid_for": null}}, {"model": "storage_units.box", "pk": 148, "fields": {"warehouse": 2, "floor": 3, "length": 5, "width": 4, "height": "2.2", "square": 20, "price": "8901.00", "is_free": false, "tenant": 1, "paid_for": "2025-08-02"}}, {"model": "storage_units.box", "pk": 149, "fields": {"warehouse": 2, "floor": 1, "length": 5, "width": 4, "height": "2.2", "square": 20, "price": "8901.00", "is_free": true, "tenant": null, "paid_for": null}}, {"model": "storage_units.box", "pk": 150, "fields": {"warehouse": 2, "floor": 2, "length": 2, "width": 4, "height": "2.5", "square": 8, "price": "1234.00", "is_free": true, "tenant": null, "paid_for": null}}, {"model": "storage_units.box", "pk": 151, "fields": {"warehouse": 2, "floor": 3, "length": 5, "width": 3, "height": "3.0", "square": 15, "price": "6789.00", "is_free": true, "tenant": null, "paid_for": null}}, {"model": "storage_units.box", "pk": 152, "fields": {"warehouse": 2, "floor": 1, "length": 5, "width": 2, "height": "2.1", "square": 10, "price": "7890.00", "is_free": true, "tenant": null, "paid_for": null}}, {"model": "storage_units.box", "pk": 153, "fields": {"warehouse": 2, "floor": 1, "length": 5, "width": 4, "height": "2.2", "square": 20, "price": "8901.00", "is_free": true, "tenant": null, "paid_for": null}}, {"model": "storage_units.box", "pk": 154, "fields": {"warehouse": 2, "floor": 2, "length": 5, "width": 2, "height": "2.2", "square": 10, "price": "5678.00", "is_free": true, "tenant": null, "paid_for": null}}, {"model": "storage_units.box", "pk": 155, "fields": {"warehouse": 2, "floor": 1, "length": 2, "width": 4, "height": "2.5", "square": 8, "price": "1234.00", "is_free": true, "tenant": null, "paid_for": null}}, {"model": "storage_units.box", "pk": 156, "fields": {"warehouse": 2, "floor": 2, "length": 5, "width": 4, "height": "2.2", "square": 20, "price": "8901.00", "is_free": true, "tenant": null, "paid_for": null}}, {"model": "storage_units.box", "pk": 157, "fields": {"warehouse": 2, "floor": 3, "length": 2, "width": 1, "height": "2.5", "square": 2, "price": "2264.00", "is_free": true, "tenant": null, "paid_for": null}}, {"model": "storage_units.box", "pk": 158, "fields": {"warehouse": 2, "floor": 2, "length": 2, "width": 4, "height": "2.5", "square": 8, "price": "1234.00", "is_free": true, "tenant": null, "paid_for": null}}, {"model": "storage_units.box", "pk": 159, "fields": {"warehouse": 2, "floor": 3, "length": 5, "width": 2, "height": "2.2", "square": 10, "price": "5678.00", "is_free": true, "tenant": null, "paid_for": null}}, {"model": "storage_units.box", "pk": 160, "fields": {"warehouse": 2, "floor": 1, "length": 5, "width": 2, "height": "2.2", "square": 10, "price": "5678.00", "is_free": true, "tenant": null, "paid_for": null}}, {"model": "storage_units.box", "pk": 161, "fields": {"warehouse": 2, "floor": 2, "length": 2, "width": 1, "height": "2.5", "square": 2, "price": "2264.00", "is_free": true, "tenant": null, "paid_for": null}}, {"model": "storage_units.box", "pk": 162, "fields": {"warehouse": 2, "floor": 3, "length": 4, "width": 4, "height": "2.1", "square": 16, "price": "3456.00", "is_free": true, "tenant": null, "paid_for": null}}, {"model": "storage_units.box", "pk": 163, "fields": {"warehouse": 2, "floor": 2, "length": 5, "width": 2, "height": "2.1", "square": 10, "price": "4567.00", "is_free": true, "tenant": null, "paid_for": null}}, {"model": "storage_units.box", "pk": 164, "fields": {"warehouse": 2, "floor": 1, "length": 4, "width": 4, "height": "2.1", "square": 16, "price": "3456.00", "is_free": true, "tenant": null, "paid_for": null}}, {"model": "storage_units.box", "pk": 165, "fields": {"warehouse": 2, "floor": 3, "length": 2, "width": 2, "height": "2.5", "square": 4, "price": "2561.00", "is_free": true, "tenant": null, "paid_for": null}}, {"model": "storage_units.box", "pk": 166, "fields": {"warehouse": 2, "floor": 1, "length": 5, "width": 2, "height": "2.1", "square": 10, "price": "2345.00", "is_free": true, "tenant": null, "paid_for": null}}, {"model": "storage_units.box", "pk": 167, "fields": {"warehouse": 2, "floor": 2, "length": 2, "width": 1, "height": "2.5", "square": 2, "price": "2264.00", "is_free": true, "tenant": null, "paid_for": null}}, {"model": "storage_units.box", "pk": 168, "fields": {"warehouse": 2, "floor": 2, "length": 5, "width": 2, "height": "2.1", "square": 10, "price": "7890.00", "is_free": true, "tenant": null, "paid_for": null}}, {"model": "storage_units.box", "pk": 169, "fields": {"warehouse": 2, "floor": 1, "length": 5, "width": 2, "height": "2.1", "square": 10, "price": "4567.00", "is_free": true, "tenant": null, "paid_for": null}}, {"model": "storage_units.box", "pk": 170, "fields": {"warehouse": 2, "floor": 1, "length": 2, "width": 1, "height": "2.5", "square": 2, "price": "2264.00", "is_free": true, "tenant": null, "paid_for": null}}, {"model": "storage_units.box", "pk": 171, "fields": {"warehouse": 2, "floor": 3, "length": 5, "width": 2, "height": "2.1", "square": 10, "price": "4567.00", "is_free": true, "tenant": null, "paid_for": null}}, {"model": "storage_units.box", "pk": 172, "fields": {"warehouse": 2, "floor": 1, "length": 5, "width": 2, "height": "2.2", "square": 10, "price": "5678.00", "is_free": true, "tenant": null, "paid_for": null}}, {"model": "storage_units.box", "pk": 173, "fields": {"warehouse": 2, "floor": 1, "length": 5, "width": 3, "height": "3.0", "square": 15, "price": "6789.00", "is_free": true, "tenant": null, "paid_for": null}}, {"model": "storage_units.box", "pk": 174, "fields": {"warehouse": 2, "floor": 1, "length": 2, "width": 1, "height": "2.5", "square": 2, "price": "2264.00", "is_free": true, "tenant": null, "paid_for": null}}, {"model": "storage_units.box", "pk": 175, "fields": {"warehouse": 2, "floor": 2, "length": 5, "width": 2, "height": "2.1", "square": 10, "price": "7890.00", "is_free": true, "tenant": null, "paid_for": null}}, {"model": "storage_units.box", "pk": 176, "fields": {"warehouse": 2, "floor": 3, "length": 5, "width": 2, "height": "2.1", "square": 10, "price": "4567.00", "is_free": true, "tenant": null, "paid_for": null}}, {"model": "storage_units.box", "pk": 177, "fields": {"warehouse": 2, "floor": 3, "length": 5, "width": 2, "height": "2.2", "square": 10, "price": "5678.00", "is_free": true, "tenant": null, "paid_for": null}}, {"model": "storage_units.box", "pk": 178, "fields": {"warehouse": 2, "floor": 2, "length": 2, "width": 2, "height": "2.5", "square": 4, "price": "2561.00", "is_free": true, "tenant": null, "paid_for": null}}, {"model": "storage_units.box", "pk": 179, "fields": {"warehouse": 2, "floor": 1, "length": 5, "width": 2, "height": "2.1", "square": 10, "price": "7890.00", "is_free": true, "tenant": null, "paid_for": null}}, {"model": "storage_units.box", "pk": 180, "fields": {"warehouse": 2, "floor": 1, "length": 2, "width": 1, "height": "2.5", "square": 2, "price": "2264.00", "is_free": true, "tenant": null, "paid_for": null}}, {"model": "storage_units.box", "pk": 181, "fields": {"warehouse": 2, "floor": 3, "length": 5, "width": 3, "height": "3.0", "square": 15, "price": "6789.00", "is_free": true, "tenant": null, "paid_for": null}}, {"model": "storage_units.box", "pk": 182, "fields": {"warehouse": 2, "floor": 3, "length": 2, "width": 2, "height": "2.5", "square": 4, "price": "2561.00", "is_free": true, "tenant": null, "paid_for": null}}, {"model": "storage_units.box", "pk": 183, "fields": {"warehouse": 2, "floor": 1, "length": 2, "width": 2, "height": "2.5", "square": 4, "price": "2561.00", "is_free": true, "tenant": null, "paid_for": null}}, {"model": "storage_units.box", "pk": 184, "fields": {"warehouse": 2, "floor": 3, "length": 5, "width": 2, "height": "2.2", "square": 10, "price": "5678.00", "is_free": true, "tenant": null, "paid_for": null}}, {"model": "storage_units.box", "pk": 185, "fields": {"warehouse": 2, "floor": 3, "length": 5, "width": 2, "height": "2.1", "square": 10, "price": "2345.00", "is_free": true, "tenant": null, "paid_for": null}}, {"model": "storage_units.box", "pk": 186, "fields": {"warehouse": 2, "floor": 1, "length": 5, "width": 2, "height": "2.1", "square": 10, "price": "4567.00", "is_free": true, "tenant": null, "paid_for": null}}, {"model": "storage_units.box", "pk": 187, "fields": {"warehouse": 2, "floor": 3, "length": 5, "width": 4, "height": "2.2", "square": 20, "price": "8901.00", "is_free": true, "tenant": null, "paid_for": null}}, {"model": "storage_units.box", "pk": 188, "fields": {"warehouse": 2, "floor": 2, "length": 2, "width": 4, "height": "2.5", "square": 8, "price": "1234.00", "is_free": true, "tenant": null, "paid_for": null}}, {"model": "storage_units.box", "pk": 189, "fields": {"warehouse": 2, "floor": 2, "length": 5, "width": 3, "height": "3.0", "square": 15, "price": "6789.00", "is_free": true, "tenant": null, "paid_for": null}}, {"model": "storage_units.box", "pk": 190, "fields": {"warehouse": 2, "floor": 3, "length": 4, "width": 4, "height": "2.1", "square": 16, "price": "3456.00", "is_free": true, "tenant": null, "paid_for": null}}, {"model": "storage_units.box", "pk": 191, "fields": {"warehouse": 2, "floor": 2, "length": 2, "width": 1, "height": "2.5", "square": 2, "price": "2264.00", "is_free": true, "tenant": null, "paid_for": null}}, {"model": "storage_units.box", "pk": 192, "fields": {"warehouse": 2, "floor": 3, "length": 5, "width": 2, "height": "2.1", "square": 10, "price": "2345.00", "is_free": true, "tenant": null, "paid_for": null}}, {"model": "storage_units.box", "pk": 193, "fields": {"warehouse": 2, "floor": 1, "length": 2, "width": 1, "height": "2.5", "square": 2, "price": "2264.00", "is_free": true, "tenant": null, "paid_for": null}}, {"model": "storage_units.box", "pk": 194, "fields": {"warehouse": 2, "floor": 1, "length": 5, "width": 4, "height": "2.2", "square": 20, "price": "8901.00", "is_free": true, "tenant": null, "paid_for": null}}, {"model": "storage_units.box", "pk": 195, "fields": {"warehouse": 2, "floor": 1, "length": 4, "width": 4, "height": "2.1", "square": 16, "price": "3456.00", "is_free": true, "tenant": null, "paid_for": null}}, {"model": "storage_units.box", "pk": 196, "fields": {"warehouse": 2, "floor": 3, "length": 4, "width": 4, "height": "2.1", "square": 16, "price": "3456.00", "is_free": true, "tenant": null, "paid_for": null}}, {"model": "storage_units.box", "pk": 197, "fields": {"warehouse": 2, "floor": 1, "length": 5, "width": 2, "height": "2.1", "square": 10, "price": "4567.00", "is_free": true, "tenant": null, "paid_for": null}}, {"model": "storage_units.box", "pk": 198, "fields": {"warehouse": 2, "floor": 1, "length": 5, "width": 4, "height": "2.2", "square": 20, "price": "8901.00", "is_free": true, "tenant": null, "paid_for": null}}, {"model": "storage_units.box", "pk": 199, "fields": {"warehouse": 2, "floor": 2, "length": 5, "width": 2, "height": "2.1", "square": 10, "price": "2345.00", "is_free": true, "tenant": null, "paid_for": null}}, {"model": "storage_units.box", "pk": 200, "fields": {"warehouse": 2, "floor": 2, "length": 2, "width": 4, "height": "2.5", "square": 8, "price": "1234.00", "is_free": true, "tenant": null, "paid_for": null}}, {"model": "storage_units.box", "pk": 201, "fields": {"warehouse": 2, "floor": 3, "length": 5, "width": 2, "height": "2.1", "square": 10, "price": "2345.00", "is_free": true, "tenant": null, "paid_for": null}}, {"model": "storage_units.box", "pk": 202, "fields": {"warehouse": 2, "floor": 2, "length": 2, "width": 2, "height": "2.5", "square": 4, "price": "2561.00", "is_free": true, "tenant": null, "paid_for": null}}, {"model": "storage_units.box", "pk": 203, "fields": {"warehouse": 2, "floor": 3, "length": 5, "width": 2, "height": "2.1", "square": 10, "price": "7890.00", "is_free": true, "tenant": null, "paid_for": null}}, {"model": "storage_units.box", "pk": 204, "fields": {"warehouse": 2, "floor": 1, "length": 5, "width": 4, "height": "2.2", "square": 20, "price": "8901.00", "is_free": true, "tenant": null, "paid_for": null}}, {"model": "storage_units.box", "pk": 205, "fields": {"warehouse": 2, "floor": 2, "length": 5, "width": 2, "height": "2.2", "square": 10, "price": "5678.00", "is_free": true, "tenant": null, "paid_for": null}}, {"model": "storage_units.box", "pk": 206, "fields": {"warehouse": 2, "floor": 1, "length": 5, "width": 2, "height": "2.1", "square": 10, "price": "2345.00", "is_free": true, "tenant": null, "paid_for": null}}, {"model": "storage_units.box", "pk": 207, "fields": {"warehouse": 2, "floor": 1, "length": 5, "width": 3, "height": "3.0", "square": 15, "price": "6789.00", "is_free": true, "tenant": null, "paid_for": null}}, {"model": "storage_units.box", "pk": 208, "fields": {"warehouse": 2, "floor": 2, "length": 5, "width": 3, "height": "3.0", "square": 15, "price": "6789.00", "is_free": true, "tenant": null, "paid_for": null}}, {"model": "storage_units.box", "pk": 209, "fields": {"warehouse": 2, "floor": 3, "length": 5, "width": 2, "height": "2.2", "square": 10, "price": "5678.00", "is_free": true, "tenant": null, "paid_for": null}}, {"model": "storage_units.box", "pk": 210, "fields": {"warehouse": 2, "floor": 1, "length": 2, "width": 1, "height": "2.5", "square": 2, "price": "2264.00", "is_free": true, "tenant": null, "paid_for": null}}, {"model": "storage_units.box", "pk": 211, "fields": {"warehouse": 2, "floor": 3, "length": 5, "width": 2, "height": "2.2", "square": 10, "price": "5678.00", "is_free": true, "tenant": null, "paid_for": null}}, {"model": "storage_units.box", "pk": 212, "fields": {"warehouse": 2, "floor": 1, "length": 2, "width": 2, "height": "2.5", "square": 4, "price": "2561.00", "is_free": true, "tenant": null, "paid_for": null}}, {"model": "storage_units.box", "pk": 213, "fields": {"warehouse": 2, "floor": 3, "length": 5, "width": 4, "height": "2.2", "square": 20, "price": "8901.00", "is_free": true, "tenant": null, "paid_for": null}}, {"model": "storage_units.box", "pk": 214, "fields": {"warehouse": 2, "floor": 1, "length": 2, "width": 1, "height": "2.5", "square": 2, "price": "2264.00", "is_free": true, "tenant": null, "paid_for": null}}, {"model": "storage_units.box", "pk": 215, "fields": {"warehouse": 2, "floor": 2, "length": 5, "width": 2, "height": "2.2", "square": 10, "price": "5678.00", "is_free": true, "tenant": null, "paid_for": null}}, {"model": "storage_units.box", "pk": 216, "fields": {"warehouse": 2, "floor": 3, "length": 2, "width": 2, "height": "2.5", "square": 4, "price": "2561.00", "is_free": true, "tenant": null, "paid_for": null}}, {"model": "storage_units.box", "pk": 217, "fields": {"warehouse": 2, "floor": 3, "length": 5, "width": 3, "height": "3.0", "square": 15, "price": "6789.00", "is_free": true, "tenant": null, "paid_for": null}}, {"model": "storage_units.box", "pk": 218, "fields": {"warehouse": 2, "floor": 3, "length": 5, "width": 3, "height": "3.0", "square": 15, "price": "6789.00", "is_free": true, "tenant": null, "paid_for": null}}, {"model": "storage_units.box", "pk": 219, "fields": {"warehouse": 2, "floor": 2, "length": 2, "width": 4, "height": "2.5", "square": 8, "price": "1234.00", "is_free": true, "tenant": null, "paid_for": null}}, {"model": "storage_units.box", "pk": 220, "fields": {"warehouse": 2, "floor": 2, "length": 5, "width": 3, "height": "3.0", "square": 15, "price": "6789.00", "is_free": true, "tenant": null, "paid_for": null}}, {"model": "storage_units.box", "pk": 221, "fields": {"warehouse": 2, "floor": 1, "length": 5, "width": 3, "height": "3.0", "square": 15, "price": "6789.00", "is_free": true, "tenant": null, "paid_for": null}}, {"model": "storage_units.box", "pk": 222, "fields": {"warehouse": 2, "floor": 1, "length": 2, "width": 1, "height": "2.5", "square": 2, "price": "2264.00", "is_free": true, "tenant": null, "paid_for": null}}, {"model": "storage_units.box", "pk": 223, "fields": {"warehouse": 2, "floor": 1, "length": 5, "width": 2, "height": "2.1", "square": 10, "price": "7890.00", "is_free": true, "tenant": null, "paid_for": null}}, {"model": "storage_units.box", "pk": 224, "fields": {"warehouse": 2, "floor": 2, "length": 5, "width": 2, "height": "2.1", "square": 10, "price": "7890.00", "is_free": true, "tenant": null, "paid_for": null}}, {"model": "storage_units.box", "pk": 225, "fields": {"warehouse": 2, "floor": 2, "length": 5, "width": 2, "height": "2.1", "square": 10, "price": "4567.00", "is_free": true, "tenant": null, "paid_for": null}}, {"model": "storage_units.box", "pk": 226, "fields": {"warehouse": 2, "floor": 1, "length": 2, "width": 2, "height": "2.5", "square": 4, "price": "2561.00", "is_free": true, "tenant": null, "paid_for": null}}, {"model": "storage_units.box", "pk": 227, "fields": {"warehouse": 2, "floor": 2, "length": 5, "width": 2, "height": "2.2", "square": 10, "price": "5678.00", "is_free": true, "tenant": null, "paid_for": null}}, {"model": "storage_units.box", "pk": 228, "fields": {"warehouse": 2, "floor": 3, "length": 2, "width": 4, "height": "2.5", "square": 8, "price": "1234.00", "is_free": true, "tenant": null, "paid_for": null}}, {"model": "storage_units.box", "pk": 229, "fields": {"warehouse": 2, "floor": 1, "length": 5, "width": 2, "height": "2.1", "square": 10, "price": "2345.00", "is_free": true, "tenant": null, "paid_for": null}}, {"model": "storage_units.box", "pk": 230, "fields": {"warehouse": 2, "floor": 3, "length": 5, "width": 2, "height": "2.1", "square": 10, "price": "2345.00", "is_free": true, "tenant": null, "paid_for": null}}, {"model": "storage_units.box", "pk": 231, "fields": {"warehouse": 2, "floor": 1, "length": 2, "width": 1, "height": "2.5", "square": 2, "price": "2264.00", "is_free": true, "tenant": null, "paid_for": null}}, {"model": "storage_units.box", "pk": 232, "fields": {"warehouse": 2, "floor": 3, "length": 2, "width": 2, "height": "2.5", "square": 4, "price": "2561.00", "is_free": true, "tenant": null, "paid_for": null}}, {"model": "storage_units.box", "pk": 233, "fields": {"warehouse": 2, "floor": 3, "length": 4, "width": 4, "height": "2.1", "square": 16, "price": "3456.00", "is_free": true, "tenant": null, "paid_for": null}}, {"model": "storage_units.box", "pk": 234, "fields": {"warehouse": 2, "floor": 1, "length": 5, "width": 2, "height": "2.1", "square": 10, "price": "4567.00", "is_free": true, "tenant": null, "paid_for": null}}, {"model": "storage_units.box", "pk": 235, "fields": {"warehouse": 2, "floor": 2, "length": 5, "width": 4, "height": "2.2", "square": 20, "price": "8901.00", "is_free": true, "tenant": null, "paid_for": null}}, {"model": "storage_units.box", "pk": 236, "fields": {"warehouse": 2, "floor": 3, "length": 2, "width": 1, "height": "2.5", "square": 2, "price": "2264.00", "is_free": true, "tenant": null, "paid_for": null}}, {"model": "storage_units.box", "pk": 237, "fields": {"warehouse": 2, "floor": 2, "length": 5, "width": 2, "height": "2.1", "square": 10, "price": "2345.00", "is_free": true, "tenant": null, "paid_for": null}}, {"model": "storage_units.box", "pk": 238, "fields": {"warehouse": 2, "floor": 3, "length": 5, "width": 4, "height": "2.2", "square": 20, "price": "8901.00", "is_free": true, "tenant": null, "paid_for": null}}, {"model": "storage_units.box", "pk": 239, "fields": {"warehouse": 2, "floor": 2, "length": 2, "width": 4, "height": "2.5", "square": 8, "price": "1234.00", "is_free": true, "tenant": null, "paid_for": null}}, {"model": "storage_units.box", "pk": 240, "fields": {"warehouse": 2, "floor": 2, "length": 5, "width": 2, "height": "2.1", "square": 10, "price": "7890.00", "is_free": true, "tenant": null, "paid_for": null}}, {"model": "storage_units.box", "pk": 241, "fields": {"warehouse": 2, "floor": 1, "length": 2, "width": 4, "height": "2.5", "square": 8, "price": "1234.00", "is_free": true, "tenant": null, "paid_for": null}}, {"model": "storage_units.box", "pk": 242, "fields": {"warehouse": 2, "floor": 2, "length": 2, "width": 2, "height": "2.5", "square": 4, "price": "2561.00", "is_free": true, "tenant": null, "paid_for": null}}, {"model": "storage_units.box", "pk": 243, "fields": {"warehouse": 2, "floor": 2, "length": 5, "width": 2, "height": "2.1", "square": 10, "price": "7890.00", "is_free": true, "tenant": null, "paid_for": null}}, {"model": "storage_units.box", "pk": 244, "fields": {"warehouse": 2, "floor": 2, "length": 2, "width": 2, "height": "2.5", "square": 4, "price": "2561.00", "is_free": true, "tenant": null, "paid_for": null}}, {"model": "storage_units.box", "pk": 245, "fields": {"warehouse": 2, "floor": 3, "length": 2, "width": 4, "height": "2.5", "square": 8, "price": "1234.00", "is_free": true, "tenant": null, "paid_for": null}}, {"model": "storage_units.box", "pk": 246, "fields": {"warehouse": 2, "floor": 1, "length": 5, "width": 2, "height": "2.1", "square": 10, "price": "7890.00", "is_free": true, "tenant": null, "paid_for": null}}, {"model": "storage_units.box", "pk": 247, "fields": {"warehouse": 2, "floor": 1, "length": 5, "width": 2, "height": "2.2", "square": 10, "price": "5678.00", "is_free": true, "tenant": null, "paid_for": null}}, {"model": "storage_units.box", "pk": 248, "fields": {"warehouse": 2, "floor": 1, "length": 2, "width": 1, "height": "2.5", "square": 2, "price": "2264.00", "is_free": true, "tenant": null, "paid_for": null}}, {"model": "storage_units.box", "pk": 249, "fields": {"warehouse": 2, "floor": 1, "length": 2, "width": 1, "height": "2.5", "square": 2, "price": "2264.00", "is_free": true, "tenant": null, "paid_for": null}}, {"model": "storage_units.box", "pk": 250, "fields": {"warehouse": 2, "floor": 1, "length": 5, "width": 2, "height": "2.1", "square": 10, "price": "4567.00", "is_free": true, "tenant": null, "paid_for": null}}, {"model": "storage_units.box", "pk": 251, "fields": {"warehouse": 2, "floor": 3, "length": 2, "width": 4, "height": "2.5", "square": 8, "price": "1234.00", "is_free": true, "tenant": null, "paid_for": null}}, {"model": "storage_units.box", "pk": 252, "fields": {"warehouse": 2, "floor": 2, "length": 5, "width": 4, "height": "2.2", "square": 20, "price": "8901.00", "is_free": true, "tenant": null, "paid_for": null}}, {"model": "storage_units.box", "pk": 253, "fields": {"warehouse": 2, "floor": 2, "length": 2, "width": 4, "height": "2.5", "square": 8, "price": "1234.00", "is_free": true, "tenant": null, "paid_for": null}}, {"model": "storage_units.box", "pk": 254, "fields": {"warehouse": 2, "floor": 1, "length": 5, "width": 2, "height": "2.1", "square": 10, "price": "2345.00", "is_free": true, "tenant": null, "paid_for": null}}, {"model": "storage_units.box", "pk": 255, "fields": {"warehouse": 2, "floor": 3, "length": 5, "width": 2, "height": "2.2", "square": 10, "price": "5678.00", "is_free": true, "tenant": null, "paid_for": null}}, {"model": "storage_units.box", "pk": 256, "fields": {"warehouse": 2, "floor": 2, "length": 5, "width": 4, "height": "2.2", "square": 20, "price": "8901.00", "is_free": true, "tenant": null, "paid_for": null}}, {"model": "storage_units.box", "pk": 257, "fields": {"warehouse": 2, "floor": 2, "length": 5, "width": 3, "height": "3.0", "square": 15, "price": "6789.00", "is_free": true, "tenant": null, "paid_for": null}}, {"model": "storage_units.box", "pk": 258, "fields": {"warehouse": 2, "floor": 2, "length": 2, "width": 4, "height": "2.5", "square": 8, "price": "1234.00", "is_free": true, "tenant": null, "paid_for": null}}, {"model": "storage_units.box", "pk": 259, "fields": {"warehouse": 2, "floor": 2, "length": 2, "width": 1, "height": "2.5", "square": 2, "price": "2264.00", "is_free": true, "tenant": null, "paid_for": null}}, {"model": "storage_units.box", "pk": 260, "fields": {"warehouse": 2, "floor": 3, "length": 2, "width": 2, "height": "2.5", "square": 4, "price": "2561.00", "is_free": true, "tenant": null, "paid_for": null}}, {"model": "storage_units.box", "pk": 261, "fields": {"warehouse": 2, "floor": 2, "length": 5, "width": 2, "height": "2.1", "square": 10, "price": "2345.00", "is_free": true, "tenant": null, "paid_for": null}}, {"model": "storage_units.box", "pk": 262, "fields": {"warehouse": 2, "floor": 1, "length": 2, "width": 1, "height": "2.5", "square": 2, "price": "2264.00", "is_free": true, "tenant": null, "paid_for": null}}, {"model": "storage_units.box", "pk": 263, "fields": {"warehouse": 2, "floor": 2, "length": 5, "width": 4, "height": "2.2", "square": 20, "price": "8901.00", "is_free": true, "tenant": null, "paid_for": null}}, {"model": "storage_units.box", "pk": 264, "fields": {"warehouse": 2, "floor": 1, "length": 5, "width": 2, "height": "2.1", "square": 10, "price": "4567.00", "is_free": true, "tenant": null, "paid_for": null}}, {"model": "storage_units.box", "pk": 265, "fields": {"warehouse": 2, "floor": 2, "length": 5, "width": 2, "height": "2.2", "square": 10, "price": "5678.00", "is_free": true, "tenant": null, "paid_for": null}}, {"model": "storage_units.box", "pk": 266, "fields": {"warehouse": 2, "floor": 3, "length": 5, "width": 2, "height": "2.1", "square": 10, "price": "2345.00", "is_free": true, "tenant": null, "paid_for": null}}, {"model": "storage_units.box", "pk": 267, "fields": {"warehouse": 2, "floor": 2, "length": 5, "width": 2, "height": "2.1", "square": 10, "price": "4567.00", "is_free": true, "tenant": null, "paid_for": null}}, {"model": "storage_units.box", "pk": 268, "fields": {"warehouse": 2, "floor": 1, "length": 5, "width": 2, "height": "2.1", "square": 10, "price": "4567.00", "is_free": true, "tenant": null, "paid_for": null}}, {"model": "storage_units.box", "pk": 269, "fields": {"warehouse": 2, "floor": 3, "length": 2, "width": 2, "height": "2.5", "square": 4, "price": "2561.00", "is_free": true, "tenant": null, "paid_for": null}}, {"model": "storage_units.box", "pk": 270, "fields": {"warehouse": 2, "floor": 3, "length": 5, "width": 3, "height": "3.0", "square": 15, "price": "6789.00", "is_free": true, "tenant": null, "paid_for": null}}, {"model": "storage_units.box", "pk": 271, "fields": {"warehouse": 2, "floor": 1, "length": 5, "width": 2, "height": "2.1", "square": 10, "price": "4567.00", "is_free": true, "tenant": null, "paid_for": null}}, {"model": "storage_units.box", "pk": 272, "fields": {"warehouse": 2, "floor": 3, "length": 2, "width": 2, "height": "2.5", "square": 4, "price": "2561.00", "is_free": true, "tenant": null, "paid_for": null}}, {"model": "storage_units.box", "pk": 273, "fields": {"warehouse": 2, "floor": 1, "length": 2, "width": 4, "height": "2.5", "square": 8, "price": "1234.00", "is_free": true, "tenant": null, "paid_for": null}}, {"model": "storage_units.box", "pk": 274, "fields": {"warehouse": 2, "floor": 1, "length": 5, "width": 2, "height": "2.2", "square": 10, "price": "5678.00", "is_free": true, "tenant": null, "paid_for": null}}, {"model": "storage_units.box", "pk": 275, "fields": {"warehouse": 2, "floor": 2, "length": 5, "width": 2, "height": "2.2", "square": 10, "price": "5678.00", "is_free": true, "tenant": null, "paid_for": null}}, {"model": "storage_units.box", "pk": 276, "fields": {"warehouse": 2, "floor": 1, "length": 2, "width": 2, "height": "2.5", "square": 4, "price": "2561.00", "is_free": true, "tenant": null, "paid_for": null}}, {"model": "storage_units.box", "pk": 277, "fields": {"warehouse": 2, "floor": 3, "length": 5, "width": 2, "height": "2.1", "square": 10, "price": "2345.00", "is_free": true, "tenant": null, "paid_for": null}}, {"model": "storage_units.box", "pk": 278, "fields": {"warehouse": 2, "floor": 2, "length": 5, "width": 4, "height": "2.2", "square": 20, "price": "8901.00", "is_free": true, "tenant": null, "paid_for": null}}, {"model": "storage_units.box", "pk": 279, "fields": {"warehouse": 2, "floor": 2, "length": 2, "width": 1, "height": "2.5", "square": 2, "price": "2264.00", "is_free": true, "tenant": null, "paid_for": null}}, {"model": "storage_units.box", "pk": 280, "fields": {"warehouse": 2, "floor": 3, "length": 5, "width": 4, "height": "2.2", "square": 20, "price": "8901.00", "is_free": true, "tenant": null, "paid_for": null}}, {"model": "storage_units.box", "pk": 281, "fields": {"warehouse": 2, "floor": 1, "length": 4, "width": 4, "height": "2.1", "square": 16, "price": "3456.00", "is_free": true, "tenant": null, "paid_for": null}}, {"model": "storage_units.box", "pk": 282, "fields": {"warehouse": 2, "floor": 3, "length": 2, "width": 1, "height": "2.5", "square": 2, "price": "2264.00", "is_free": true, "tenant": null, "paid_for": null}}, {"model": "storage_units.box", "pk": 283, "fields": {"warehouse": 2, "floor": 1, "length": 2, "width": 1, "height": "2.5", "square": 2, "price": "2264.00", "is_free": true, "tenant": null, "paid_for": null}}, {"model": "storage_units.box", "pk": 284, "fields": {"warehouse": 2, "floor": 1, "length": 4, "width": 4, "height": "2.1", "square": 16, "price": "3456.00", "is_free": true, "tenant": null, "paid_for": null}}, {"model": "storage_units.box", "pk": 285, "fields": {"warehouse": 2, "floor": 2, "length": 5, "width": 3, "height": "3.0", "square": 15, "price": "6789.00", "is_free": true, "tenant": null, "paid_for": null}}, {"model": "storage_units.box", "pk": 286, "fields": {"warehouse": 2, "floor": 2, "length": 4, "width": 4, "height": "2.1", "square": 16, "price": "3456.00", "is_free": true, "tenant": null, "paid_for": null}}, {"model": "storage_units.box", "pk": 287, "fields": {"warehouse": 2, "floor": 3, "length": 2, "width": 2, "height": "2.5", "square": 4, "price": "2561.00", "is_free": true, "tenant": null, "paid_for": null}}, {"model": "storage_units.box", "pk": 288, "fields": {"warehouse": 2, "floor": 3, "length": 2, "width": 2, "height": "2.5", "square": 4, "price": "2561.00", "is_free": true, "tenant": null, "paid_for": null}}, {"model": "storage_units.box", "pk": 289, "fields": {"warehouse": 2, "floor": 3, "length": 2, "width": 1, "height": "2.5", "square": 2, "price": "2264.00", "is_free": true, "tenant": null, "paid_for": null}}, {"model": "storage_units.box", "pk": 290, "fields": {"warehouse": 2, "floor": 2, "length": 5, "width": 3, "height": "3.0", "square": 15, "price": "6789.00", "is_free": true, "tenant": null, "paid_for": null}}, {"model": "storage_units.box", "pk": 291, "fields": {"warehouse": 2, "floor": 2, "length": 2, "width": 2, "height": "2.5", "square": 4, "price": "2561.00", "is_free": true, "tenant": null, "paid_for": null}}, {"model": "storage_units.box", "pk": 292, "fields": {"warehouse": 2, "floor": 3, "length": 2, "width": 4, "height": "2.5", "square": 8, "price": "1234.00", "is_free": true, "tenant": null, "paid_for": null}}, {"model": "storage_units.box", "pk": 293, "fields": {"warehouse": 2, "floor": 2, "length": 5, "width": 4, "height": "2.2", "square": 20, "price": "8901.00", "is_free": true, "tenant": null, "paid_for": null}}, {"model": "storage_units.box", "pk": 294, "fields": {"warehouse": 2, "floor": 2, "length": 5, "width": 3, "height": "3.0", "square": 15, "price": "6789.00", "is_free": true, "tenant": null, "paid_for": null}}, {"model": "storage_units.box", "pk": 295, "fields": {"warehouse": 2, "floor": 2, "length": 5, "width": 2, "height": "2.2", "square": 10, "price": "5678.00", "is_free": true, "tenant": null, "paid_for": null}}, {"model": "storage_units.box", "pk": 296, "fields": {"warehouse": 2, "floor": 2, "length": 5, "width": 2, "height": "2.1", "square": 10, "price": "2345.00", "is_free": true, "tenant": null, "paid_for": null}}, {"model": "storage_units.box", "pk": 297, "fields": {"warehouse": 2, "floor": 2, "length": 5, "width": 3, "height": "3.0", "square": 15, "price": "6789.00", "is_free": true, "tenant": null, "paid_for": null}}, {"model": "storage_units.box", "pk": 298, "fields": {"warehouse": 2, "floor": 2, "length": 4, "width": 4, "height": "2.1", "square": 16, "price": "3456.00", "is_free": true, "tenant": null, "paid_for": null}}, {"model": "storage_units.box", "pk": 299, "fields": {"warehouse": 2, "floor": 2, "length": 5, "width": 4, "height": "2.2", "square": 20, "price": "8901.00", "is_free": true, "tenant": null, "paid_for": null}}, {"model": "storage_units.box", "pk": 300, "fields": {"warehouse": 2, "floor": 2, "length": 5, "width": 2, "height": "2.1", "square": 10, "price": "4567.00", "is_free": true, "tenant": null, "paid_for": null}}, {"model": "storage_units.box", "pk": 301, "fields": {"warehouse": 2, "floor": 1, "length": 5, "width": 2, "height": "2.2", "square": 10, "price": "5678.00", "is_free": true, "tenant": null, "paid_for": null}}, {"model": "storage_units.box", "pk": 302, "fields": {"warehouse": 2, "floor": 2, "length": 2, "width": 1, "height": "2.5", "square": 2, "price": "2264.00", "is_free": true, "tenant": null, "paid_for": null}}, {"model": "storage_units.box", "pk": 303, "fields": {"warehouse": 2, "floor": 3, "length": 5, "width": 4, "height": "2.2", "square": 20, "price": "8901.00", "is_free": true, "tenant": null, "paid_for": null}}, {"model": "storage_units.box", "pk": 304, "fields": {"warehouse": 2, "floor": 2, "length": 5, "width": 4, "height": "2.2", "square": 20, "price": "8901.00", "is_free": true, "tenant": null, "paid_for": null}}, {"model": "storage_units.box", "pk": 305, "fields": {"warehouse": 2, "floor": 1, "length": 2, "width": 4, "height": "2.5", "square": 8, "price": "1234.00", "is_free": true, "tenant": null, "paid_for": null}}, {"model": "storage_units.box", "pk": 306, "fields": {"warehouse": 2, "floor": 2, "length": 2, "width": 4, "height": "2.5", "square": 8, "price": "1234.00", "is_free": true, "tenant": null, "paid_for": null}}, {"model": "storage_units.box", "pk": 307, "fields": {"warehouse": 2, "floor": 3, "length": 2, "width": 1, "height": "2.5", "square": 2, "price": "2264.00", "is_free": true, "tenant": null, "paid_for": null}}, {"model": "storage_units.box", "pk": 308, "fields": {"warehouse": 2, "floor": 1, "length": 5, "width": 4, "height": "2.2", "square": 20, "price": "8901.00", "is_free": true, "tenant": null, "paid_for": null}}, {"model": "storage_units.box", "pk": 309, "fields": {"warehouse": 2, "floor": 3, "length": 4, "width": 4, "height": "2.1", "square": 16, "price": "3456.00", "is_free": true, "tenant": null, "paid_for": null}}, {"model": "storage_units.box", "pk": 310, "fields": {"warehouse": 2, "floor": 2, "length": 2, "width": 1, "height": "2.5", "square": 2, "price": "2264.00", "is_free": true, "tenant": null, "paid_for": null}}, {"model": "storage_units.box", "pk": 311, "fields": {"warehouse": 2, "floor": 2, "length": 5, "width": 2, "height": "2.1", "square": 10, "price": "4567.00", "is_free": true, "tenant": null, "paid_for": null}}, {"model": "storage_units.box", "pk": 312, "fields": {"warehouse": 2, "floor": 1, "length": 5, "width": 2, "height": "2.1", "square": 10, "price": "2345.00", "is_free": true, "tenant": null, "paid_for": null}}, {"model": "storage_units.box", "pk": 313, "fields": {"warehouse": 2, "floor": 2, "length": 5, "width": 2, "height": "2.2", "square": 10, "price": "5678.00", "is_free": true, "tenant": null, "paid_for": null}}, {"model": "storage_units.box", "pk": 314, "fields": {"warehouse": 2, "floor": 2, "length": 5, "width": 2, "height": "2.1", "square": 10, "price": "2345.00", "is_free": true, "tenant": null, "paid_for": null}}, {"model": "storage_units.box", "pk": 315, "fields": {"warehouse": 2, "floor": 3, "length": 2, "width": 1, "height": "2.5", "square": 2, "price": "2264.00", "is_free": true, "tenant": null, "paid_for": null}}, {"model": "storage_units.box", "pk": 316, "fields": {"warehouse": 2, "floor": 1, "length": 5, "width": 4, "height": "2.2", "square": 20, "price": "8901.00", "is_free": true, "tenant": null, "paid_for": null}}, {"model": "storage_units.box", "pk": 317, "fields": {"warehouse": 2, "floor": 1, "length": 5, "width": 2, "height": "2.1", "square": 10, "price": "2345.00", "is_free": true, "tenant": null, "paid_for": null}}, {"model": "storage_units.box", "pk": 318, "fields": {"warehouse": 2, "floor": 2, "length": 2, "width": 2, "height": "2.5", "square": 4, "price": "2561.00", "is_free": true, "tenant": null, "paid_for": null}}, {"model": "storage_units.box", "pk": 319, "fields": {"warehouse": 2, "floor": 3, "length": 2, "width": 2, "height": "2.5", "square": 4, "price": "2561.00", "is_free": true, "tenant": null, "paid_for": null}}, {"model": "storage_units.box", "pk": 320, "fields": {"warehouse": 2, "floor": 3, "length": 5, "width": 2, "height": "2.2", "square": 10, "price": "5678.00", "is_free": true, "tenant": null, "paid_for": null}}, {"model": "storage_units.box", "pk": 321, "fields": {"warehouse": 2, "floor": 3, "length": 5, "width": 2, "height": "2.1", "square": 10, "price": "4567.00", "is_free": true, "tenant": null, "paid_for": null}}, {"model": "storage_units.box", "pk": 322, "fields": {"warehouse": 2, "floor": 1, "length": 4, "width": 4, "height": "2.1", "square": 16, "price": "3456.00", "is_free": true, "tenant": null, "paid_for": null}}, {"model": "storage_units.box", "pk": 323, "fields": {"warehouse": 2, "floor": 3, "length": 5, "width": 2, "height": "2.2", "square": 10, "price": "5678.00", "is_free": true, "tenant": null, "paid_for": null}}, {"model": "storage_units.box", "pk": 324, "fields": {"warehouse": 2, "floor": 3, "length": 2, "width": 2, "height": "2.5", "square": 4, "price": "2561.00", "is_free": true, "tenant": null, "paid_for": null}}, {"model": "storage_units.box", "pk": 325, "fields": {"warehouse": 2, "floor": 2, "length": 5, "width": 2, "height": "2.1", "square": 10, "price": "4567.00", "is_free": true, "tenant": null, "paid_for": null}}, {"model": "storage_units.box", "pk": 326, "fields": {"warehouse": 2, "floor": 1, "length": 5, "width": 2, "height": "2.1", "square": 10, "price": "7890.00", "is_free": true, "tenant": null, "paid_for": null}}, {"model": "storage_units.box", "pk": 327, "fields": {"warehouse": 2, "floor": 2, "length": 2, "width": 2, "height": "2.5", "square": 4, "price": "2561.00", "is_free": true, "tenant": null, "paid_for": null}}, {"model": "storage_units.box", "pk": 328, "fields": {"warehouse": 2, "floor": 2, "length": 4, "width": 4, "height": "2.1", "square": 16, "price": "3456.00", "is_free": true, "tenant": null, "paid_for": null}}, {"model": "storage_units.box", "pk": 329, "fields": {"warehouse": 2, "floor": 2, "length": 2, "width": 1, "height": "2.5", "square": 2, "price": "2264.00", "is_free": true, "tenant": null, "paid_for": null}}, {"model": "storage_units.box", "pk": 330, "fields": {"warehouse": 2, "floor": 3, "length": 5, "width": 2, "height": "2.2", "square": 10, "price": "5678.00", "is_free": true, "tenant": null, "paid_for": null}}, {"model": "storage_units.box", "pk": 331, "fields": {"warehouse": 2, "floor": 1, "length": 5, "width": 4, "height": "2.2", "square": 20, "price": "8901.00", "is_free": true, "tenant": null, "paid_for": null}}, {"model": "storage_units.box", "pk": 332, "fields": {"warehouse": 2, "floor": 3, "length": 5, "width": 2, "height": "2.1", "square": 10, "price": "2345.00", "is_free": true, "tenant": null, "paid_for": null}}, {"model": "storage_units.box", "pk": 333, "fields": {"warehouse": 2, "floor": 3, "length": 5, "width": 2, "height": "2.1", "square": 10, "price": "2345.00", "is_free": true, "tenant": null, "paid_for": null}}, {"model": "storage_units.box", "pk": 334, "fields": {"warehouse": 2, "floor": 2, "length": 5, "width": 3, "height": "3.0", "square": 15, "price": "6789.00", "is_free": true, "tenant": null, "paid_for": null}}, {"model": "storage_units.box", "pk": 335, "fields": {"warehouse": 2, "floor": 2, "length": 5, "width": 2, "height": "2.2", "square": 10, "price": "5678.00", "is_free": true, "tenant": null, "paid_for": null}}, {"model": "storage_units.box", "pk": 336, "fields": {"warehouse": 2, "floor": 3, "length": 5, "width": 2, "height": "2.1", "square": 10, "price": "4567.00", "is_free": true, "tenant": null, "paid_for": null}}, {"model": "storage_units.box", "pk": 337, "fields": {"warehouse": 2, "floor": 3, "length": 5, "width": 2, "height": "2.1", "square": 10, "price": "2345.00", "is_free": true, "tenant": null, "paid_for": null}}, {"model": "storage_units.box", "pk": 338, "fields": {"warehouse": 2, "floor": 2, "length": 5, "width": 2, "height": "2.2", "square": 10, "price": "5678.00", "is_free": true, "tenant": null, "paid_for": null}}, {"model": "storage_units.box", "pk": 339, "fields": {"warehouse": 2, "floor": 1, "length": 5, "width": 4, "height": "2.2", "square": 20, "price": "8901.00", "is_free": true, "tenant": null, "paid_for": null}}, {"model": "storage_units.box", "pk": 340, "fields": {"warehouse": 2, "floor": 3, "length": 5, "width": 2, "height": "2.1", "square": 10, "price": "2345.00", "is_free": true, "tenant": null, "paid_for": null}}, {"model": "storage_units.box", "pk": 341, "fields": {"warehouse": 2, "floor": 2, "length": 2, "width": 1, "height": "2.5", "square": 2, "price": "2264.00", "is_free": true, "tenant": null, "paid_for": null}}, {"model": "storage_units.box", "pk": 342, "fields": {"warehouse": 2, "floor": 1, "length": 5, "width": 2, "height": "2.1", "square": 10, "price": "2345.00", "is_free": true, "tenant": null, "paid_for": null}}, {"model": "storage_units.box", "pk": 343, "fields": {"warehouse": 2, "floor": 2, "length": 2, "width": 2, "height": "2.5", "square": 4, "price": "2561.00", "is_free": true, "tenant": null, "paid_for": null}}, {"model": "storage_units.box", "pk": 344, "fields": {"warehouse": 2, "floor": 2, "length": 2, "width": 1, "height": "2.5", "square": 2, "price": "2264.00", "is_free": true, "tenant": null, "paid_for": null}}, {"model": "storage_units.box", "pk": 345, "fields": {"warehouse": 2, "floor": 3, "length": 5, "width": 2, "height": "2.1", "square": 10, "price": "7890.00", "is_free": true, "tenant": null, "paid_for": null}}, {"model": "storage_units.box", "pk": 346, "fields": {"warehouse": 2, "floor": 2, "length": 5, "width": 2, "height": "2.1", "square": 10, "price": "2345.00", "is_free": true, "tenant": null, "paid_for": null}}, {"model": "storage_units.box", "pk": 347, "fields": {"warehouse": 2, "floor": 3, "length": 4, "width": 4, "height": "2.1", "square": 16, "price": "3456.00", "is_free": true, "tenant": null, "paid_for": null}}, {"model": "storage_units.box", "pk": 348, "fields": {"warehouse": 2, "floor": 1, "length": 4, "width": 4, "height": "2.1", "square": 16, "price": "3456.00", "is_free": true, "tenant": null, "paid_for": null}}, {"model": "storage_units.box", "pk": 349, "fields": {"warehouse": 2, "floor": 3, "length": 5, "width": 2, "height": "2.1", "square": 10, "price": "7890.00", "is_free": true, "tenant": null, "paid_for": null}}, {"model": "storage_units.box", "pk": 350, "fields": {"warehouse": 2, "floor": 1, "length": 5, "width": 2, "height": "2.1", "square": 10, "price": "7890.00", "is_free": true, "tenant": null, "paid_for": null}}, {"model": "storage_units.box", "pk": 351, "fields": {"warehouse": 2, "floor": 2, "length": 2, "width": 1, "height": "2.5", "square": 2, "price": "2264.00", "is_free": true, "tenant": null, "paid_for": null}}, {"model": "storage_units.box", "pk": 352, "fields": {"warehouse": 2, "floor": 2, "length": 5, "width": 2, "height": "2.1", "square": 10, "price": "2345.00", "is_free": true, "tenant": null, "paid_for": null}}, {"model": "storage_units.box", "pk": 353, "fields": {"warehouse": 2, "floor": 3, "length": 4, "width": 4, "height": "2.1", "square": 16, "price": "3456.00", "is_free": true, "tenant": null, "paid_for": null}}, {"model": "storage_units.box", "pk": 354, "fields": {"warehouse": 2, "floor": 3, "length": 5, "width": 2, "height": "2.1", "square": 10, "price": "7890.00", "is_free": true, "tenant": null, "paid_for": null}}, {"model": "storage_units.box", "pk": 355, "fields": {"warehouse": 2, "floor": 1, "length": 5, "width": 2, "height": "2.1", "square": 10, "price": "2345.00", "is_free": true, "tenant": null, "paid_for": null}}, {"model": "storage_units.box", "pk": 356, "fields": {"warehouse": 2, "floor": 2, "length": 5, "width": 2, "height": "2.1", "square": 10, "price": "7890.00", "is_free": true, "tenant": null, "paid_for": null}}, {"model": "storage_units.box", "pk": 357, "fields": {"warehouse": 2, "floor": 3, "length": 4, "width": 4, "height": "2.1", "square": 16, "price": "3456.00", "is_free": true, "tenant": null, "paid_for": null}}, {"model": "storage_units.box", "pk": 358, "fields": {"warehouse": 2, "floor": 2, "length": 5, "width": 2, "height": "2.1", "square": 10, "price": "7890.00", "is_free": true, "tenant": null, "paid_for": null}}, {"model": "storage_units.box", "pk": 359, "fields": {"warehouse": 2, "floor": 3, "length": 5, "width": 2, "height": "2.1", "square": 10, "price": "7890.00", "is_free": true, "tenant": null, "paid_for": null}}, {"model": "storage_units.box", "pk": 360, "fields": {"warehouse": 2, "floor": 3, "length": 5, "width": 3, "height": "3.0", "square": 15, "price": "6789.00", "is_free": true, "tenant": null, "paid_for": null}}, {"model": "storage_units.box", "pk": 361, "fields": {"warehouse": 2, "floor": 2, "length": 5, "width": 3, "height": "3.0", "square": 15, "price": "6789.00", "is_free": true, "tenant": null, "paid_for": null}}, {"model": "storage_units.box", "pk": 362, "fields": {"warehouse": 2, "floor": 2, "length": 5, "width": 2, "height": "2.2", "square": 10, "price": "5678.00", "is_free": true, "tenant": null, "paid_for": null}}, {"model": "storage_units.box", "pk": 363, "fields": {"warehouse": 2, "floor": 3, "length": 2, "width": 4, "height": "2.5", "square": 8, "price": "1234.00", "is_free": true, "tenant": null, "paid_for": null}}, {"model": "storage_units.box", "pk": 364, "fields": {"warehouse": 2, "floor": 3, "length": 5, "width": 2, "height": "2.1", "square": 10, "price": "7890.00", "is_free": true, "tenant": null, "paid_for": null}}, {"model": "storage_units.box", "pk": 365, "fields": {"warehouse": 2, "floor": 1, "length": 2, "width": 2, "height": "2.5", "square": 4, "price": "2561.00", "is_free": true, "tenant": null, "paid_for": null}}, {"model": "storage_units.box", "pk": 366, "fields": {"warehouse": 2, "floor": 1, "length": 2, "width": 4, "height": "2.5", "square": 8, "price": "1234.00", "is_free": true, "tenant": null, "paid_for": null}}, {"model": "storage_units.box", "pk": 367, "fields": {"warehouse": 2, "floor": 1, "length": 2, "width": 1, "height": "2.5", "square": 2, "price": "2264.00", "is_free": true, "tenant": null, "paid_for": null}}, {"model": "storage_units.box", "pk": 368, "fields": {"warehouse": 2, "floor": 1, "length": 5, "width": 2, "height": "2.2", "square": 10, "price": "5678.00", "is_free": true, "tenant": null, "paid_for": null}}, {"model": "storage_units.box", "pk": 369, "fields": {"warehouse": 2, "floor": 1, "length": 5, "width": 2, "height": "2.1", "square": 10, "price": "2345.00", "is_free": true, "tenant": null, "paid_for": null}}, {"model": "storage_units.box", "pk": 370, "fields": {"warehouse": 2, "floor": 2, "length": 4, "width": 4, "height": "2.1", "square": 16, "price": "3456.00", "is_free": true, "tenant": null, "paid_for": null}}, {"model": "storage_units.box", "pk": 371, "fields": {"warehouse": 2, "floor": 2, "length": 2, "width": 4, "height": "2.5", "square": 8, "price": "1234.00", "is_free": true, "tenant": null, "paid_for": null}}, {"model": "storage_units.box", "pk": 372, "fields": {"warehouse": 2, "floor": 3, "length": 5, "width": 2, "height": "2.1", "square": 10, "price": "4567.00", "is_free": true, "tenant": null, "paid_for": null}}, {"model": "storage_units.box", "pk": 373, "fields": {"warehouse": 2, "floor": 3, "length": 2, "width": 4, "height": "2.5", "square": 8, "price": "1234.00", "is_free": true, "tenant": null, "paid_for": null}}, {"model": "storage_units.box", "pk": 374, "fields": {"warehouse": 2, "floor": 2, "length": 5, "width": 4, "height": "2.2", "square": 20, "price": "8901.00", "is_free": true, "tenant": null, "paid_for": null}}, {"model": "storage_units.box", "pk": 375, "fields": {"warehouse": 2, "floor": 3, "length": 5, "width": 2, "height": "2.2", "square": 10, "price": "5678.00", "is_free": true, "tenant": null, "paid_for": null}}, {"model": "storage_units.box", "pk": 376, "fields": {"warehouse": 2, "floor": 3, "length": 5, "width": 2, "height": "2.1", "square": 10, "price": "4567.00", "is_free": true, "tenant": null, "paid_for": null}}, {"model": "storage_units.box", "pk": 377, "fields": {"warehouse": 2, "floor": 1, "length": 2, "width": 1, "height": "2.5", "square": 2, "price": "2264.00", "is_free": true, "tenant": null, "paid_for": null}}, {"model": "storage_units.box", "pk": 378, "fields": {"warehouse": 2, "floor": 1, "length": 5, "width": 3, "height": "3.0", "square": 15, "price": "6789.00", "is_free": true, "tenant": null, "paid_for": null}}, {"model": "storage_units.box", "pk": 379, "fields": {"warehouse": 2, "floor": 1, "length": 5, "width": 3, "height": "3.0", "square": 15, "price": "6789.00", "is_free": true, "tenant": null, "paid_for": null}}, {"model": "storage_units.box", "pk": 380, "fields": {"warehouse": 2, "floor": 3, "length": 5, "width": 4, "height": "2.2", "square": 20, "price": "8901.00", "is_free": true, "tenant": null, "paid_for": null}}, {"model": "storage_units.box", "pk": 381, "fields": {"warehouse": 2, "floor": 3, "length": 2, "width": 1, "height": "2.5", "square": 2, "price": "2264.00", "is_free": true, "tenant": null, "paid_for": null}}, {"model": "storage_units.box", "pk": 382, "fields": {"warehouse": 2, "floor": 2, "length": 4, "width": 4, "height": "2.1", "square": 16, "price": "3456.00", "is_free": true, "tenant": null, "paid_for": null}}, {"model": "storage_units.box", "pk": 383, "fields": {"warehouse": 2, "floor": 2, "length": 5, "width": 4, "height": "2.2", "square": 20, "price": "8901.00", "is_free": true, "tenant": null, "paid_for": null}}, {"model": "storage_units.box", "pk": 384, "fields": {"warehouse": 2, "floor": 2, "length": 5, "width": 4, "height": "2.2", "square": 20, "price": "8901.00", "is_free": true, "tenant": null, "paid_for": null}}, {"model": "storage_units.box", "pk": 385, "fields": {"warehouse": 2, "floor": 1, "length": 2, "width": 1, "height": "2.5", "square": 2, "price": "2264.00", "is_free": true, "tenant": null, "paid_for": null}}, {"model": "storage_units.box", "pk": 386, "fields": {"warehouse": 2, "floor": 3, "length": 5, "width": 3, "height": "3.0", "square": 15, "price": "6789.00", "is_free": true, "tenant": null, "paid_for": null}}, {"model": "storage_units.box", "pk": 387, "fields": {"warehouse": 2, "floor": 3, "length": 2, "width": 2, "height": "2.5", "square": 4, "price": "2561.00", "is_free": true, "tenant": null, "paid_for": null}}, {"model": "storage_units.box", "pk": 388, "fields": {"warehouse": 2, "floor": 3, "length": 4, "width": 4, "height": "2.1", "square": 16, "price": "3456.00", "is_free": true, "tenant": null, "paid_for": null}}, {"model": "storage_units.box", "pk": 389, "fields": {"warehouse": 2, "floor": 2, "length": 5, "width": 2, "height": "2.1", "square": 10, "price": "7890.00", "is_free": true, "tenant": null, "paid_for": null}}, {"model": "storage_units.box", "pk": 390, "fields": {"warehouse": 2, "floor": 1, "length": 2, "width": 2, "height": "2.5", "square": 4, "price": "2561.00", "is_free": true, "tenant": null, "paid_for": null}}, {"model": "storage_units.box", "pk": 391, "fields": {"warehouse": 2, "floor": 1, "length": 5, "width": 2, "height": "2.2", "square": 10, "price": "5678.00", "is_free": true, "tenant": null, "paid_for": null}}, {"model": "storage_units.box", "pk": 392, "fields": {"warehouse": 2, "floor": 3, "length": 5, "width": 2, "height": "2.1", "square": 10, "price": "7890.00", "is_free": true, "tenant": null, "paid_for": null}}, {"model": "storage_units.box", "pk": 393, "fields": {"warehouse": 2, "floor": 2, "length": 2, "width": 1, "height": "2.5", "square": 2, "price": "2264.00", "is_free": true, "tenant": null, "paid_for": null}}, {"model": "storage_units.box", "pk": 394, "fields": {"warehouse": 2, "floor": 3, "length": 5, "width": 2, "height": "2.1", "square": 10, "price": "2345.00", "is_free": true, "tenant": null, "paid_for": null}}, {"model": "storage_units.box", "pk": 395, "fields": {"warehouse": 2, "floor": 2, "length": 2, "width": 2, "height": "2.5", "square": 4, "price": "2561.00", "is_free": true, "tenant": null, "paid_for": null}}, {"model": "storage_units.box", "pk": 396, "fields": {"warehouse": 2, "floor": 3, "length": 2, "width": 2, "height": "2.5", "square": 4, "price": "2561.00", "is_free": true, "tenant": null, "paid_for": null}}, {"model": "storage_units.box", "pk": 397, "fields": {"warehouse": 2, "floor": 2, "length": 5, "width": 2, "height": "2.1", "square": 10, "price": "4567.00", "is_free": true, "tenant": null, "paid_for": null}}, {"model": "storage_units.box", "pk": 398, "fields": {"warehouse": 2, "floor": 1, "length": 2, "width": 1, "height": "2.5", "square": 2, "price": "2264.00", "is_free": true, "tenant": null, "paid_for": null}}, {"model": "storage_units.box", "pk": 399, "fields": {"warehouse": 2, "floor": 2, "length": 5, "width": 2, "height": "2.1", "square": 10, "price": "2345.00", "is_free": true, "tenant": null, "paid_for": null}}, {"model": "storage_units.box", "pk": 400, "fields": {"warehouse": 2, "floor": 3, "length": 4, "width": 4, "height": "2.1", "square": 16, "price": "3456.00", "is_free": true, "tenant": null, "paid_for": null}}, {"model": "storage_units.box", "pk": 401, "fields": {"warehouse": 2, "floor": 3, "length": 2, "width": 2, "height": "2.5", "square": 4, "price": "2561.00", "is_free": true, "tenant": null, "paid_for": null}}, {"model": "storage_units.box", "pk": 402, "fields": {"warehouse": 2, "floor": 1, "length": 5, "width": 2, "height": "2.1", "square": 10, "price": "7890.00", "is_free": true, "tenant": null, "paid_for": null}}, {"model": "storage_units.box", "pk": 403, "fields": {"warehouse": 2, "floor": 1, "length": 2, "width": 4, "height": "2.5", "square": 8, "price": "1234.00", "is_free": true, "tenant": null, "paid_for": null}}, {"model": "storage_units.box", "pk": 404, "fields": {"warehouse": 2, "floor": 1, "length": 5, "width": 2, "height": "2.2", "square": 10, "price": "5678.00", "is_free": true, "tenant": null, "paid_for": null}}, {"model": "storage_units.box", "pk": 405, "fields": {"warehouse": 2, "floor": 2, "length": 5, "width": 2, "height": "2.1", "square": 10, "price": "7890.00", "is_free": true, "tenant": null, "paid_for": null}}, {"model": "storage_units.box", "pk": 406, "fields": {"warehouse": 2, "floor": 1, "length": 5, "width": 3, "height": "3.0", "square": 15, "price": "6789.00", "is_free": true, "tenant": null, "paid_for": null}}, {"model": "storage_units.box", "pk": 407, "fields": {"warehouse": 2, "floor": 3, "length": 5, "width": 4, "height": "2.2", "square": 20, "price": "8901.00", "is_free": true, "tenant": null, "paid_for": null}}, {"model": "storage_units.box", "pk": 408, "fields": {"warehouse": 2, "floor": 2, "length": 5, "width": 2, "height": "2.1", "square": 10, "price": "7890.00", "is_free": true, "tenant": null, "paid_for": null}}, {"model": "storage_units.box", "pk": 409, "fields": {"warehouse": 2, "floor": 1, "length": 5, "width": 2, "height": "2.1", "square": 10, "price": "2345.00", "is_free": true, "tenant": null, "paid_for": null}}, {"model": "storage_units.box", "pk": 410, "fields": {"warehouse": 2, "floor": 3, "length": 5, "width": 2, "height": "2.1", "square": 10, "price": "2345.00", "is_free": true, "tenant": null, "paid_for": null}}, {"model": "storage_units.box", "pk": 411, "fields": {"warehouse": 2, "floor": 3, "length": 2, "width": 4, "height": "2.5", "square": 8, "price": "1234.00", "is_free": true, "tenant": null, "paid_for": null}}, {"model": "storage_units.box", "pk": 412, "fields": {"warehouse": 2, "floor": 3, "length": 2, "width": 2, "height": "2.5", "square": 4, "price": "2561.00", "is_free": true, "tenant": null, "paid_for": null}}, {"model": "storage_units.box", "pk": 413, "fields": {"warehouse": 2, "floor": 3, "length": 5, "width": 2, "height": "2.1", "square": 10, "price": "4567.00", "is_free": true, "tenant": null, "paid_for": null}}, {"model": "storage_units.box", "pk": 414, "fields": {"warehouse": 2, "floor": 2, "length": 4, "width": 4, "height": "2.1", "square": 16, "price": "3456.00", "is_free": true, "tenant": null, "paid_for": null}}, {"model": "storage_units.box", "pk": 415, "fields": {"warehouse": 2, "floor": 1, "length": 5, "width": 3, "height": "3.0", "square": 15, "price": "6789.00", "is_free": true, "tenant": null, "paid_for": null}}, {"model": "storage_units.box", "pk": 416, "fields": {"warehouse": 2, "floor": 1, "length": 5, "width": 4, "height": "2.2", "square": 20, "price": "8901.00", "is_free": true, "tenant": null, "paid_for": null}}, {"model": "storage_units.box", "pk": 417, "fields": {"warehouse": 2, "floor": 3, "length": 2, "width": 1, "height": "2.5", "square": 2, "price": "2264.00", "is_free": true, "tenant": null, "paid_for": null}}, {"model": "storage_units.box", "pk": 418, "fields": {"warehouse": 2, "floor": 3, "length": 5, "width": 2, "height": "2.1", "square": 10, "price": "2345.00", "is_free": true, "tenant": null, "paid_for": null}}, {"model": "storage_units.box", "pk": 419, "fields": {"warehouse": 2, "floor": 1, "length": 5, "width": 4, "height": "2.2", "square": 20, "price": "8901.00", "is_free": true, "tenant": null, "paid_for": null}}, {"model": "storage_units.box", "pk": 420, "fields": {"warehouse": 2, "floor": 2, "length": 5, "width": 2, "height": "2.2", "square": 10, "price": "5678.00", "is_free": true, "tenant": null, "paid_for": null}}, {"model": "storage_units.box", "pk": 421, "fields": {"warehouse": 2, "floor": 2, "length": 5, "width": 2, "height": "2.1", "square": 10, "price": "7890.00", "is_free": true, "tenant": null, "paid_for": null}}, {"model": "storage_units.box", "pk": 422, "fields": {"warehouse": 2, "floor": 2, "length": 5, "width": 2, "height": "2.1", "square": 10, "price": "2345.00", "is_free": true, "tenant": null, "paid_for": null}}, {"model": "storage_units.box", "pk": 423, "fields": {"warehouse": 2, "floor": 3, "length": 5, "width": 2, "height": "2.1", "square": 10, "price": "4567.00", "is_free": true, "tenant": null, "paid_for": null}}, {"model": "storage_units.box", "pk": 424, "fields": {"warehouse": 2, "floor": 3, "length": 5, "width": 4, "height": "2.2", "square": 20, "price": "8901.00", "is_free": true, "tenant": null, "paid_for": null}}, {"model": "storage_units.box", "pk": 425, "fields": {"warehouse": 2, "floor": 2, "length": 5, "width": 2, "height": "2.1", "square": 10, "price": "7890.00", "is_free": true, "tenant": null, "paid_for": null}}, {"model": "storage_units.box", "pk": 426, "fields": {"warehouse": 2, "floor": 2, "length": 5, "width": 2, "height": "2.1", "square": 10, "price": "4567.00", "is_free": true, "tenant": null, "paid_for": null}}, {"model": "storage_units.box", "pk": 427, "fields": {"warehouse": 2, "floor": 2, "length": 5, "width": 2, "height": "2.1", "square": 10, "price": "7890.00", "is_free": true, "tenant": null, "paid_for": null}}, {"model": "storage_units.box", "pk": 428, "fields": {"warehouse": 2, "floor": 3, "length": 5, "width": 3, "height": "3.0", "square": 15, "price": "6789.00", "is_free": true, "tenant": null, "paid_for": null}}, {"model": "storage_units.box", "pk": 429, "fields": {"warehouse": 2, "floor": 2, "length": 2, "width": 1, "height": "2.5", "square": 2, "price": "2264.00", "is_free": true, "tenant": null, "paid_for": null}}, {"model": "storage_units.box", "pk": 430, "fields": {"warehouse": 2, "floor": 1, "length": 5, "width": 2, "height": "2.1", "square": 10, "price": "4567.00", "is_free": true, "tenant": null, "paid_for": null}}, {"model": "storage_units.box", "pk": 431, "fields": {"warehouse": 2, "floor": 2, "length": 5, "width": 4, "height": "2.2", "square": 20, "price": "8901.00", "is_free": true, "tenant": null, "paid_for": null}}, {"model": "storage_units.box", "pk": 432, "fields": {"warehouse": 2, "floor": 3, "length": 5, "width": 2, "height": "2.1", "square": 10, "price": "4567.00", "is_free": true, "tenant": null, "paid_for": null}}, {"model": "storage_units.box", "pk": 433, "fields": {"warehouse": 2, "floor": 2, "length": 5, "width": 3, "height": "3.0", "square": 15, "price": "6789.00", "is_free": true, "tenant": null, "paid_for": null}}, {"model": "storage_units.box", "pk": 434, "fields": {"warehouse": 2, "floor": 3, "length": 5, "width": 2, "height": "2.1", "square": 10, "price": "7890.00", "is_free": true, "tenant": null, "paid_for": null}}, {"model": "storage_units.box", "pk": 435, "fields": {"warehouse": 2, "floor": 3, "length": 4, "width": 4, "height": "2.1", "square": 16, "price": "3456.00", "is_free": true, "tenant": null, "paid_for": null}}, {"model": "storage_units.box", "pk": 436, "fields": {"warehouse": 2, "floor": 2, "length": 5, "width": 3, "height": "3.0", "square": 15, "price": "6789.00", "is_free": true, "tenant": null, "paid_for": null}}, {"model": "storage_units.box", "pk": 437, "fields": {"warehouse": 2, "floor": 1, "length": 5, "width": 2, "height": "2.2", "square": 10, "price": "5678.00", "is_free": true, "tenant": null, "paid_for": null}}, {"model": "storage_units.box", "pk": 438, "fields": {"warehouse": 2, "floor": 1, "length": 5, "width": 2, "height": "2.1", "square": 10, "price": "4567.00", "is_free": true, "tenant": null, "paid_for": null}}, {"model": "storage_units.box", "pk": 439, "fields": {"warehouse": 2, "floor": 1, "length": 5, "width": 2, "height": "2.1", "square": 10, "price": "7890.00", "is_free": true, "tenant": null, "paid_for": null}}, {"model": "storage_units.box", "pk": 440, "fields": {"warehouse": 2, "floor": 3, "length": 4, "width": 4, "height": "2.1", "square": 16, "price": "3456.00", "is_free": true, "tenant": null, "paid_for": null}}, {"model": "storage_units.box", "pk": 441, "fields": {"warehouse": 2, "floor": 1, "length": 5, "width": 2, "height": "2.1", "square": 10, "price": "7890.00", "is_free": true, "tenant": null, "paid_for": null}}, {"model": "storage_units.box", "pk": 442, "fields": {"warehouse": 2, "floor": 2, "length": 5, "width": 2, "height": "2.1", "square": 10, "price": "7890.00", "is_free": true, "tenant": null, "paid_for": null}}, {"model": "storage_units.box", "pk": 443, "fields": {"warehouse": 2, "floor": 3, "length": 5, "width": 2, "height": "2.1", "square": 10, "price": "2345.00", "is_free": true, "tenant": null, "paid_for": null}}, {"model": "storage_units.box", "pk": 444, "fields": {"warehouse": 2, "floor": 1, "length": 2, "width": 1, "height": "2.5", "square": 2, "price": "2264.00", "is_free": true, "tenant": null, "paid_for": null}}, {"model": "storage_units.box", "pk": 445, "fields": {"warehouse": 2, "floor": 3, "length": 2, "width": 4, "height": "2.5", "square": 8, "price": "1234.00", "is_free": true, "tenant": null, "paid_for": null}}, {"model": "storage_units.box", "pk": 446, "fields": {"warehouse": 2, "floor": 2, "length": 2, "width": 4, "height": "2.5", "square": 8, "price": "1234.00", "is_free": true, "tenant": null, "paid_for": null}}, {"model": "storage_units.box", "pk": 447, "fields": {"warehouse": 2, "floor": 1, "length": 5, "width": 4, "height": "2.2", "square": 20, "price": "8901.00", "is_free": true, "tenant": null, "paid_for": null}}, {"model": "storage_units.box", "pk": 448, "fields": {"warehouse": 2, "floor": 3, "length": 5, "width": 2, "height": "2.2", "square": 10, "price": "5678.00", "is_free": true, "tenant": null, "paid_for": null}}, {"model": "storage_units.box", "pk": 449, "fields": {"warehouse": 2, "floor": 3, "length": 5, "width": 2, "height": "2.1", "square": 10, "price": "2345.00", "is_free": true, "tenant": null, "paid_for": null}}, {"model": "storage_units.box", "pk": 450, "fields": {"warehouse": 2, "floor": 2, "length": 5, "width": 2, "height": "2.1", "square": 10, "price": "7890.00", "is_free": true, "tenant": null, "paid_for": null}}, {"model": "storage_units.box", "pk": 451, "fields": {"warehouse": 2, "floor": 1, "length": 4, "width": 4, "height": "2.1", "square": 16, "price": "3456.00", "is_free": true, "tenant": null, "paid_for": null}}, {"model": "storage_units.box", "pk": 452, "fields": {"warehouse": 2, "floor": 1, "length": 5, "width": 3, "height": "3.0", "square": 15, "price": "6789.00", "is_free": true, "tenant": null, "paid_for": null}}, {"model": "storage_units.box", "pk": 453, "fields": {"warehouse": 2, "floor": 1, "length": 5, "width": 4, "height": "2.2", "square": 20, "price": "8901.00", "is_free": true, "tenant": null, "paid_for": null}}, {"model": "storage_units.box", "pk": 454, "fields": {"warehouse": 2, "floor": 3, "length": 2, "width": 4, "height": "2.5", "square": 8, "price": "1234.00", "is_free": true, "tenant": null, "paid_for": null}}, {"model": "storage_units.box", "pk": 455, "fields": {"warehouse": 2, "floor": 1, "length": 5, "width": 4, "height": "2.2", "square": 20, "price": "8901.00", "is_free": true, "tenant": null, "paid_for": null}}, {"model": "storage_units.box", "pk": 456, "fields": {"warehouse": 2, "floor": 2, "length": 5, "width": 2, "height": "2.1", "square": 10, "price": "4567.00", "is_free": true, "tenant": null, "paid_for": null}}, {"model": "storage_units.box", "pk": 457, "fields": {"warehouse": 2, "floor": 1, "length": 4, "width": 4, "height": "2.1", "square": 16, "price": "3456.00", "is_free": true, "tenant": null, "paid_for": null}}, {"model": "storage_units.box", "pk": 458, "fields": {"warehouse": 2, "floor": 2, "length": 5, "width": 3, "height": "3.0", "square": 15, "price": "6789.00", "is_free": true, "tenant": null, "paid_for": null}}, {"model": "storage_units.box", "pk": 459, "fields": {"warehouse": 2, "floor": 2, "length": 5, "width": 2, "height": "2.1", "square": 10, "price": "4567.00", "is_free": true, "tenant": null, "paid_for": null}}, {"model": "storage_units.box", "pk": 460, "fields": {"warehouse": 2, "floor": 1, "length": 4, "width": 4, "height": "2.1", "square": 16, "price": "3456.00", "is_free": true, "tenant": null, "paid_for": null}}, {"model": "storage_units.box", "pk": 461, "fields": {"warehouse": 2, "floor": 1, "length": 4, "width": 4, "height": "2.1", "square": 16, "price": "3456.00", "is_free": true, "tenant": null, "paid_for": null}}, {"model": "storage_units.box", "pk": 462, "fields": {"warehouse": 2, "floor": 2, "length": 5, "width": 3, "height": "3.0", "square": 15, "price": "6789.00", "is_free": true, "tenant": null, "paid_for": null}}, {"model": "storage_units.box", "pk": 463, "fields": {"warehouse": 2, "floor": 1, "length": 5, "width": 4, "height": "2.2", "square": 20, "price": "8901.00", "is_free": true, "tenant": null, "paid_for": null}}, {"model": "storage_units.box", "pk": 464, "fields": {"warehouse": 2, "floor": 3, "length": 5, "width": 3, "height": "3.0", "square": 15, "price": "6789.00", "is_free": true, "tenant": null, "paid_for": null}}, {"model": "storage_units.box", "pk": 465, "fields": {"warehouse": 2, "floor": 1, "length": 5, "width": 4, "height": "2.2", "square": 20, "price": "8901.00", "is_free": true, "tenant": null, "paid_for": null}}, {"model": "storage_units.box", "pk": 466, "fields": {"warehouse": 2, "floor": 3, "length": 5, "width": 4, "height": "2.2", "square": 20, "price": "8901.00", "is_free": true, "tenant": null, "paid_for": null}}, {"model": "storage_units.box", "pk": 467, "fields": {"warehouse": 2, "floor": 3, "length": 5, "width": 2, "height": "2.2", "square": 10, "price": "5678.00", "is_free": true, "tenant": null, "paid_for": null}}, {"model": "storage_units.box", "pk": 468, "fields": {"warehouse": 2, "floor": 1, "length": 5, "width": 2, "height": "2.2", "square": 10, "price": "5678.00", "is_free": true, "tenant": null, "paid_for": null}}, {"model": "storage_units.box", "pk": 469, "fields": {"warehouse": 2, "floor": 2, "length": 2, "width": 2, "height": "2.5", "square": 4, "price": "2561.00", "is_free": true, "tenant": null, "paid_for": null}}, {"model": "storage_units.box", "pk": 470, "fields": {"warehouse": 2, "floor": 1, "length": 5, "width": 2, "height": "2.1", "square": 10, "price": "4567.00", "is_free": true, "tenant": null, "paid_for": null}}, {"model": "storage_units.box", "pk": 471, "fields": {"warehouse": 2, "floor": 2, "length": 2, "width": 2, "height": "2.5", "square": 4, "price": "2561.00", "is_free": true, "tenant": null, "paid_for": null}}, {"model": "storage_units.box", "pk": 472, "fields": {"warehouse": 2, "floor": 3, "length": 5, "width": 4, "height": "2.2", "square": 20, "price": "8901.00", "is_free": true, "tenant": null, "paid_for": null}}, {"model": "storage_units.box", "pk": 473, "fields": {"warehouse": 2, "floor": 1, "length": 5, "width": 2, "height": "2.2", "square": 10, "price": "5678.00", "is_free": true, "tenant": null, "paid_for": null}}, {"model": "storage_units.box", "pk": 474, "fields": {"warehouse": 2, "floor": 3, "length": 5, "width": 2, "height": "2.1", "square": 10, "price": "2345.00", "is_free": true, "tenant": null, "paid_for": null}}, {"model": "storage_units.box", "pk": 475, "fields": {"warehouse": 2, "floor": 1, "length": 5, "width": 3, "height": "3.0", "square": 15, "price": "6789.00", "is_free": true, "tenant": null, "paid_for": null}}, {"model": "storage_units.box", "pk": 476, "fields": {"warehouse": 2, "floor": 3, "length": 5, "width": 2, "height": "2.1", "square": 10, "price": "4567.00", "is_free": true, "tenant": null, "paid_for": null}}, {"model": "storage_units.box", "pk": 477, "fields": {"warehouse": 2, "floor": 2, "length": 2, "width": 4, "height": "2.5", "square": 8, "price": "1234.00", "is_free": true, "tenant": null, "paid_for": null}}, {"model": "storage_units.box", "pk": 478, "fields": {"warehouse": 2, "floor": 3, "length": 5, "width": 2, "height": "2.1", "square": 10, "price": "4567.00", "is_free": true, "tenant": null, "paid_for": null}}, {"model": "storage_units.box", "pk": 479, "fields": {"warehouse": 2, "floor": 3, "length": 5, "width": 2, "height": "2.2", "square": 10, "price": "5678.00", "is_free": true, "tenant": null, "paid_for": null}}, {"model": "storage_units.box", "pk": 480, "fields": {"warehouse": 2, "floor": 1, "length": 5, "width": 2, "height": "2.1", "square": 10, "price": "4567.00", "is_free": true, "tenant": null, "paid_for": null}}, {"model": "storage_units.box", "pk": 481, "fields": {"warehouse": 2, "floor": 1, "length": 5, "width": 4, "height": "2.2", "square": 20, "price": "8901.00", "is_free": true, "tenant": null, "paid_for": null}}, {"model": "storage_units.box", "pk": 482, "fields": {"warehouse": 2, "floor": 3, "length": 5, "width": 3, "height": "3.0", "square": 15, "price": "6789.00", "is_free": true, "tenant": null, "paid_for": null}}, {"model": "storage_units.box", "pk": 483, "fields": {"warehouse": 2, "floor": 2, "length": 5, "width": 2, "height": "2.1", "square": 10, "price": "4567.00", "is_free": true, "tenant": null, "paid_for": null}}, {"model": "storage_units.box", "pk": 484, "fields": {"warehouse": 2, "floor": 2, "length": 5, "width": 2, "height": "2.1", "square": 10, "price": "2345.00", "is_free": true, "tenant": null, "paid_for": null}}, {"model": "storage_units.box", "pk": 485, "fields": {"warehouse": 2, "floor": 2, "length": 5, "width": 2, "height": "2.1", "square": 10, "price": "4567.00", "is_free": true, "tenant": null, "paid_for": null}}, {"model": "storage_units.box", "pk": 486, "fields": {"warehouse": 2, "floor": 3, "length": 5, "width": 2, "height": "2.1", "square": 10, "price": "2345.00", "is_free": true, "tenant": null, "paid_for": null}}, {"model": "storage_units.box", "pk": 487, "fields": {"warehouse": 2, "floor": 1, "length": 5, "width": 3, "height": "3.0", "square": 15, "price": "6789.00", "is_free": true, "tenant": null, "paid_for": null}}, {"model": "storage_units.box", "pk": 488, "fields": {"warehouse": 2, "floor": 2, "length": 2, "width": 1, "height": "2.5", "square": 2, "price": "2264.00", "is_free": true, "tenant": null, "paid_for": null}}, {"model": "storage_units.box", "pk": 489, "fields": {"warehouse": 2, "floor": 1, "length": 5, "width": 2, "height": "2.1", "square": 10, "price": "4567.00", "is_free": true, "tenant": null, "paid_for": null}}, {"model": "storage_units.box", "pk": 490, "fields": {"warehouse": 2, "floor": 3, "length": 5, "width": 2, "height": "2.1", "square": 10, "price": "7890.00", "is_free": true, "tenant": null, "paid_for": null}}, {"model": "storage_units.box", "pk": 491, "fields": {"warehouse": 2, "floor": 2, "length": 5, "width": 2, "height": "2.1", "square": 10, "price": "7890.00", "is_free": true, "tenant": null, "paid_for": null}}, {"model": "storage_units.box", "pk": 492, "fields": {"warehouse": 2, "floor": 2, "length": 2, "width": 1, "height": "2.5", "square": 2, "price": "2264.00", "is_free": true, "tenant": null, "paid_for": null}}, {"model": "storage_units.box", "pk": 493, "fields": {"warehouse": 2, "floor": 2, "length": 5, "width": 2, "height": "2.2", "square": 10, "price": "5678.00", "is_free": true, "tenant": null, "paid_for": null}}, {"model": "storage_units.box", "pk": 494, "fields": {"warehouse": 2, "floor": 1, "length": 5, "width": 2, "height": "2.2", "square": 10, "price": "5678.00", "is_free": true, "tenant": null, "paid_for": null}}, {"model": "storage_units.box", "pk": 495, "fields": {"warehouse": 2, "floor": 3, "length": 2, "width": 1, "height": "2.5", "square": 2, "price": "2264.00", "is_free": true, "tenant": null, "paid_for": null}}, {"model": "storage_units.box", "pk": 496, "fields": {"warehouse": 2, "floor": 3, "length": 5, "width": 2, "height": "2.1", "square": 10, "price": "4567.00", "is_free": true, "tenant": null, "paid_for": null}}, {"model": "storage_units.box", "pk": 497, "fields": {"warehouse": 2, "floor": 1, "length": 5, "width": 4, "height": "2.2", "square": 20, "price": "8901.00", "is_free": true, "tenant": null, "paid_for": null}}, {"model": "storage_units.box", "pk": 498, "fields": {"warehouse": 2, "floor": 3, "length": 2, "width": 2, "height": "2.5", "square": 4, "price": "2561.00", "is_free": true, "tenant": null, "paid_for": null}}, {"model": "storage_units.box", "pk": 499, "fields": {"warehouse": 2, "floor": 3, "length": 5, "width": 2, "height": "2.2", "square": 10, "price": "5678.00", "is_free": true, "tenant": null, "paid_for": null}}, {"model": "storage_units.box", "pk": 500, "fields": {"warehouse": 2, "floor": 1, "length": 2, "width": 4, "height": "2.5", "square": 8, "price": "1234.00", "is_free": true, "tenant": null, "paid_for": null}}, {"model": "storage_units.box", "pk": 501, "fields": {"warehouse": 2, "floor": 1, "length": 5, "width": 3, "height": "3.0", "square": 15, "price": "6789.00", "is_free": true, "tenant": null, "paid_for": null}}, {"model": "storage_units.box", "pk": 502, "fields": {"warehouse": 2, "floor": 3, "length": 5, "width": 2, "height": "2.2", "square": 10, "price": "5678.00", "is_free": true, "tenant": null, "paid_for": null}}, {"model": "storage_units.box", "pk": 503, "fields": {"warehouse": 2, "floor": 1, "length": 2, "width": 4, "height": "2.5", "square": 8, "price": "1234.00", "is_free": true, "tenant": null, "paid_for": null}}, {"model": "storage_units.box", "pk": 504, "fields": {"warehouse": 2, "floor": 1, "length": 5, "width": 2, "height": "2.1", "square": 10, "price": "4567.00", "is_free": true, "tenant": null, "paid_for": null}}, {"model": "storage_units.box", "pk": 505, "fields": {"warehouse": 2, "floor": 3, "length": 4, "width": 4, "height": "2.1", "square": 16, "price": "3456.00", "is_free": true, "tenant": null, "paid_for": "2025-08-01"}}, {"model": "promo.promocode", "pk": 1, "fields": {"code": "leto", "discount_percent": 10, "active_from": "2025-07-01", "active_to": "2025-07-31", "usage_limit": 1, "used_count": 1, "one_time_per_user": false, "used_clients": [1]}}]